-- MySQL dump 10.13  Distrib 5.5.62, for Win64 (AMD64)
--
-- Host: 127.0.0.1    Database: sfens
-- ------------------------------------------------------
-- Server version	5.5.5-10.5.10-MariaDB-1:10.5.10+maria~bionic

/*!40101 SET @OLD_CHARACTER_SET_CLIENT=@@CHARACTER_SET_CLIENT */;
/*!40101 SET @OLD_CHARACTER_SET_RESULTS=@@CHARACTER_SET_RESULTS */;
/*!40101 SET @OLD_COLLATION_CONNECTION=@@COLLATION_CONNECTION */;
/*!40101 SET NAMES utf8 */;
/*!40103 SET @OLD_TIME_ZONE=@@TIME_ZONE */;
/*!40103 SET TIME_ZONE='+00:00' */;
/*!40014 SET @OLD_UNIQUE_CHECKS=@@UNIQUE_CHECKS, UNIQUE_CHECKS=0 */;
/*!40014 SET @OLD_FOREIGN_KEY_CHECKS=@@FOREIGN_KEY_CHECKS, FOREIGN_KEY_CHECKS=0 */;
/*!40101 SET @OLD_SQL_MODE=@@SQL_MODE, SQL_MODE='NO_AUTO_VALUE_ON_ZERO' */;
/*!40111 SET @OLD_SQL_NOTES=@@SQL_NOTES, SQL_NOTES=0 */;

--
-- Table structure for table `SequelizeMeta`
--

DROP TABLE IF EXISTS `SequelizeMeta`;
/*!40101 SET @saved_cs_client     = @@character_set_client */;
/*!40101 SET character_set_client = utf8 */;
CREATE TABLE `SequelizeMeta` (
  `name` varchar(255) COLLATE utf8_unicode_ci NOT NULL,
  PRIMARY KEY (`name`),
  UNIQUE KEY `name` (`name`)
) ENGINE=InnoDB DEFAULT CHARSET=utf8 COLLATE=utf8_unicode_ci;
/*!40101 SET character_set_client = @saved_cs_client */;

--
-- Dumping data for table `SequelizeMeta`
--

LOCK TABLES `SequelizeMeta` WRITE;
/*!40000 ALTER TABLE `SequelizeMeta` DISABLE KEYS */;
INSERT INTO `SequelizeMeta` VALUES ('20210727043941-create-schedules.js'),('20210802091706-create-users.js'),('20210804013544-create-daily.js'),('20210804024804-create-monthly.js'),('20210804024842-create-weekly.js'),('20210804100419-create-yearly.js'),('20210805113728-create-groups.js'),('20210806025907-create-usersmngroups.js'),('20210810143659-create-applicants.js'),('20210812041947-create-trophies.js'),('20210812050819-create-usersmntrophies.js'),('20210818040425-create-challenges.js');
/*!40000 ALTER TABLE `SequelizeMeta` ENABLE KEYS */;
UNLOCK TABLES;

--
-- Table structure for table `applicants`
--

DROP TABLE IF EXISTS `applicants`;
/*!40101 SET @saved_cs_client     = @@character_set_client */;
/*!40101 SET character_set_client = utf8 */;
CREATE TABLE `applicants` (
  `group_id` int(11) NOT NULL,
  `user_id` varchar(255) NOT NULL,
  `reason` varchar(255) DEFAULT NULL,
  `applied_at` datetime NOT NULL,
  KEY `group_id` (`group_id`),
  KEY `user_id` (`user_id`),
  CONSTRAINT `applicants_ibfk_1` FOREIGN KEY (`group_id`) REFERENCES `groups` (`group_id`),
  CONSTRAINT `applicants_ibfk_2` FOREIGN KEY (`user_id`) REFERENCES `users` (`user_id`)
) ENGINE=InnoDB DEFAULT CHARSET=utf8mb4;
/*!40101 SET character_set_client = @saved_cs_client */;

--
-- Dumping data for table `applicants`
--

LOCK TABLES `applicants` WRITE;
/*!40000 ALTER TABLE `applicants` DISABLE KEYS */;
INSERT INTO `applicants` VALUES (6,'1','1','2021-08-19 00:18:40'),(11,'1','1','2021-08-19 06:47:15'),(7,'jbj','ㄱㄱㄱㄱ','2021-08-19 09:55:07'),(10,'1','zzz','2021-08-19 10:23:24'),(11,'test','zcxvzx','2021-08-19 10:23:56'),(6,'jbj','ㅛㄱ요','2021-08-19 12:01:33');
/*!40000 ALTER TABLE `applicants` ENABLE KEYS */;
UNLOCK TABLES;

--
-- Table structure for table `challenges`
--

DROP TABLE IF EXISTS `challenges`;
/*!40101 SET @saved_cs_client     = @@character_set_client */;
/*!40101 SET character_set_client = utf8 */;
CREATE TABLE `challenges` (
  `challenge_id` int(11) NOT NULL AUTO_INCREMENT,
  `group_id` int(11) DEFAULT NULL,
  `name` varchar(255) DEFAULT NULL,
  `content` varchar(255) DEFAULT NULL,
  `created_at` datetime NOT NULL,
  PRIMARY KEY (`challenge_id`),
  KEY `group_id` (`group_id`),
  CONSTRAINT `challenges_ibfk_1` FOREIGN KEY (`group_id`) REFERENCES `groups` (`group_id`)
) ENGINE=InnoDB AUTO_INCREMENT=4 DEFAULT CHARSET=utf8mb4;
/*!40101 SET character_set_client = @saved_cs_client */;

--
-- Dumping data for table `challenges`
--

LOCK TABLES `challenges` WRITE;
/*!40000 ALTER TABLE `challenges` DISABLE KEYS */;
INSERT INTO `challenges` VALUES (1,4,'ㄱㄱ','ㄱㄱ','2021-08-19 06:52:10'),(2,4,'ㄴㄴ','ㄴㄴ','2021-08-19 07:04:12'),(3,14,'test','test','2021-08-19 11:59:28');
/*!40000 ALTER TABLE `challenges` ENABLE KEYS */;
UNLOCK TABLES;

--
-- Table structure for table `dailies`
--

DROP TABLE IF EXISTS `dailies`;
/*!40101 SET @saved_cs_client     = @@character_set_client */;
/*!40101 SET character_set_client = utf8 */;
CREATE TABLE `dailies` (
  `daily_id` int(11) NOT NULL AUTO_INCREMENT,
  `date` varchar(255) DEFAULT NULL,
  `week` varchar(255) DEFAULT NULL,
  `month` varchar(255) DEFAULT NULL,
  `year` varchar(255) DEFAULT NULL,
  `user_id` varchar(255) DEFAULT NULL,
  `daily_context` varchar(255) DEFAULT NULL,
  `sum_point` int(11) DEFAULT NULL,
  `cnt_schedule` int(11) DEFAULT NULL,
  `cnt_finished_schedule` int(11) DEFAULT NULL,
  `sum_humidity` int(11) DEFAULT NULL,
  `sum_illuminance` int(11) DEFAULT NULL,
  `sum_noise` int(11) DEFAULT NULL,
  `sum_temperature` int(11) DEFAULT NULL,
  PRIMARY KEY (`daily_id`)
) ENGINE=InnoDB AUTO_INCREMENT=18 DEFAULT CHARSET=utf8mb4;
/*!40101 SET character_set_client = @saved_cs_client */;

--
-- Dumping data for table `dailies`
--

LOCK TABLES `dailies` WRITE;
/*!40000 ALTER TABLE `dailies` DISABLE KEYS */;
INSERT INTO `dailies` VALUES (1,'2021-08-02 15:00:00','31','8','2021','honggildong1!',NULL,0,159,0,0,0,0,0),(2,'2021-08-16 15:00:00','33','8','2021','test1',NULL,0,2,0,0,0,0,0),(8,'2021-08-16 15:00:00','33','8','2021','jbj',NULL,0,1,NULL,0,0,0,0),(10,'2021-08-17 15:00:00','33','8','2021','megahawk',NULL,0,2,0,0,0,0,0),(11,'2021-08-17 15:00:00','33','8','2021','test1',NULL,0,2,0,0,0,0,0),(12,'2021-08-17 15:00:00','33','8','2021','jbj',NULL,0,3,0,0,0,0,0),(13,'2021-08-18 15:00:00','33','8','2021','aeriheo',NULL,0,1,0,0,0,0,0),(14,'2021-08-18 15:00:00','33','8','2021','jbj',NULL,0,1,0,0,0,0,0),(15,'2021-08-02 15:00:00','31','8','2021','aeriheo',NULL,0,3,0,0,0,0,0),(16,'2021-08-18 15:00:00','33','8','2021','1',NULL,0,3,0,0,0,0,0),(17,'2021-08-19 15:00:00','33','8','2021','jbj',NULL,0,1,NULL,0,0,0,0);
/*!40000 ALTER TABLE `dailies` ENABLE KEYS */;
UNLOCK TABLES;

--
-- Table structure for table `groups`
--

DROP TABLE IF EXISTS `groups`;
/*!40101 SET @saved_cs_client     = @@character_set_client */;
/*!40101 SET character_set_client = utf8 */;
CREATE TABLE `groups` (
  `group_id` int(11) NOT NULL AUTO_INCREMENT,
  `name` varchar(255) DEFAULT NULL,
  `context` varchar(255) DEFAULT NULL,
  `ranking` int(11) DEFAULT NULL,
  `created_at` datetime NOT NULL,
  `updated_at` datetime NOT NULL,
  PRIMARY KEY (`group_id`)
) ENGINE=InnoDB AUTO_INCREMENT=16 DEFAULT CHARSET=utf8mb4;
/*!40101 SET character_set_client = @saved_cs_client */;

--
-- Dumping data for table `groups`
--

LOCK TABLES `groups` WRITE;
/*!40000 ALTER TABLE `groups` DISABLE KEYS */;
INSERT INTO `groups` VALUES (4,'JBJ 팬 모입','자기가 JBJ팬이다 하는 사람들의 모임',NULL,'2021-08-17 11:19:59','2021-08-17 11:19:59'),(6,'싸피그룹','ㅁㄴㅇㅁㅁㅁㅁ',NULL,'2021-08-18 01:28:25','2021-08-18 01:28:25'),(7,'????','?????\n터져라 얍!',NULL,'2021-08-18 01:30:12','2021-08-18 01:30:12'),(9,'rrr','zzzz',NULL,'2021-08-18 13:10:59','2021-08-18 13:10:59'),(10,'jbj','jbj',NULL,'2021-08-19 02:15:25','2021-08-19 02:15:25'),(11,'jbj','jbj',NULL,'2021-08-19 02:19:22','2021-08-19 02:19:22'),(13,'yr','test',NULL,'2021-08-19 11:55:32','2021-08-19 11:55:32'),(14,'testtest','test',NULL,'2021-08-19 11:55:55','2021-08-19 11:55:55'),(15,'ttt','test',NULL,'2021-08-19 11:56:42','2021-08-19 11:56:42');
/*!40000 ALTER TABLE `groups` ENABLE KEYS */;
UNLOCK TABLES;

--
-- Table structure for table `monthlies`
--

DROP TABLE IF EXISTS `monthlies`;
/*!40101 SET @saved_cs_client     = @@character_set_client */;
/*!40101 SET character_set_client = utf8 */;
CREATE TABLE `monthlies` (
  `monthly_id` int(11) NOT NULL AUTO_INCREMENT,
  `month` varchar(255) DEFAULT NULL,
  `year` varchar(255) DEFAULT NULL,
  `user_id` varchar(255) DEFAULT NULL,
  `cnt_schedule` int(11) DEFAULT NULL,
  `cnt_finished_schedule` int(11) DEFAULT NULL,
  `sum_point` int(11) DEFAULT NULL,
  `sum_humidity` int(11) DEFAULT NULL,
  `sum_illuminance` int(11) DEFAULT NULL,
  `sum_noise` int(11) DEFAULT NULL,
  `sum_temperature` int(11) DEFAULT NULL,
  PRIMARY KEY (`monthly_id`)
) ENGINE=InnoDB AUTO_INCREMENT=12 DEFAULT CHARSET=utf8mb4;
/*!40101 SET character_set_client = @saved_cs_client */;

--
-- Dumping data for table `monthlies`
--

LOCK TABLES `monthlies` WRITE;
/*!40000 ALTER TABLE `monthlies` DISABLE KEYS */;
INSERT INTO `monthlies` VALUES (1,'8','2021','honggildong1!',177,0,0,0,0,0,0),(2,'8','2021','test1',4,0,0,0,0,0,0),(8,'8','2021','jbj',6,0,0,0,0,0,0),(9,'8','2021','megahawk',2,0,0,0,0,0,0),(10,'8','2021','aeriheo',4,0,0,0,0,0,0),(11,'8','2021','1',3,0,0,0,0,0,0);
/*!40000 ALTER TABLE `monthlies` ENABLE KEYS */;
UNLOCK TABLES;

--
-- Table structure for table `schedules`
--

DROP TABLE IF EXISTS `schedules`;
/*!40101 SET @saved_cs_client     = @@character_set_client */;
/*!40101 SET character_set_client = utf8 */;
CREATE TABLE `schedules` (
  `schedule_id` int(11) NOT NULL AUTO_INCREMENT,
  `user_id` varchar(255) NOT NULL,
  `date` datetime NOT NULL,
  `week` varchar(255) DEFAULT NULL,
  `month` varchar(255) DEFAULT NULL,
  `year` varchar(255) DEFAULT NULL,
  `title` varchar(255) DEFAULT NULL,
  `context` varchar(255) DEFAULT NULL,
  `expectstart_at` datetime DEFAULT NULL,
  `started_at` datetime DEFAULT NULL,
  `finished_at` datetime DEFAULT NULL,
  `deadline_at` datetime DEFAULT NULL,
  `created_at` datetime NOT NULL DEFAULT current_timestamp(),
  `updated_at` datetime NOT NULL DEFAULT current_timestamp(),
  `is_finished` tinyint(1) NOT NULL DEFAULT 0,
  `point` int(11) DEFAULT NULL,
  `notification` tinyint(1) DEFAULT NULL,
  `notificationtime` datetime DEFAULT NULL,
  `noti_extend` int(11) DEFAULT NULL,
  `humidity` int(11) DEFAULT NULL,
  `illuminance` int(11) DEFAULT NULL,
  `noise` int(11) DEFAULT NULL,
  `temperature` int(11) DEFAULT NULL,
  PRIMARY KEY (`schedule_id`)
) ENGINE=InnoDB AUTO_INCREMENT=258 DEFAULT CHARSET=utf8mb4;
/*!40101 SET character_set_client = @saved_cs_client */;

--
-- Dumping data for table `schedules`
--

LOCK TABLES `schedules` WRITE;
/*!40000 ALTER TABLE `schedules` DISABLE KEYS */;
INSERT INTO `schedules` VALUES (2,'test1','2021-08-16 15:00:00','33','8','2021','테스트입니다.','test',NULL,'2021-08-17 00:00:00','2021-08-17 07:30:00','2021-08-17 07:30:00','2021-08-17 10:38:44','2021-08-17 11:28:16',0,0,0,NULL,NULL,0,0,0,0),(3,'test1','2021-08-16 15:00:00','33','8','2021','test','test',NULL,'2021-08-17 08:30:00','2021-08-17 09:30:00','2021-08-17 09:30:00','2021-08-17 10:39:17','2021-08-17 11:27:09',0,0,1,'2021-08-17 08:15:00',NULL,0,0,0,0),(5,'honggildong1!','2021-08-02 15:00:00','31','8','2021','title2','context2',NULL,'2021-08-03 02:00:00','2021-08-03 14:00:00','2021-08-06 08:24:00','2021-08-17 10:47:04','2021-08-17 10:47:04',0,0,NULL,NULL,NULL,0,0,0,0),(9,'jbj','2021-08-16 15:00:00','33','8','2021','공부하기싫어...','test',NULL,'2021-08-17 09:00:00','2021-08-17 13:00:00','2021-08-17 13:00:00','2021-08-17 11:49:57','2021-08-17 11:50:47',0,0,0,NULL,NULL,0,0,0,0),(10,'honggildong1!','2021-08-02 15:00:00','31','8','2021','title2','context2',NULL,'2021-08-03 02:00:00','2021-08-03 14:00:00','2021-08-06 08:24:00','2021-08-17 13:39:31','2021-08-17 13:39:31',0,0,NULL,NULL,NULL,0,0,0,0),(11,'honggildong1!','2021-08-02 15:00:00','31','8','2021','title2','context2',NULL,'2021-08-03 02:00:00','2021-08-03 14:00:00','2021-08-06 08:24:00','2021-08-17 13:43:00','2021-08-17 13:43:00',0,0,NULL,NULL,NULL,0,0,0,0),(12,'honggildong1!','2021-08-02 15:00:00','31','8','2021','title2','context2',NULL,'2021-08-03 02:00:00','2021-08-03 14:00:00','2021-08-06 08:24:00','2021-08-17 13:44:47','2021-08-17 13:44:47',0,0,NULL,NULL,NULL,0,0,0,0),(13,'honggildong1!','2021-08-02 15:00:00','31','8','2021','title2','context2',NULL,'2021-08-03 02:00:00','2021-08-03 14:00:00','2021-08-06 08:24:00','2021-08-17 13:45:06','2021-08-17 13:45:06',0,0,NULL,NULL,NULL,0,0,0,0),(14,'honggildong1!','2021-08-02 15:00:00','31','8','2021','title2','context2',NULL,'2021-08-03 02:00:00','2021-08-03 14:00:00','2021-08-06 08:24:00','2021-08-17 13:45:30','2021-08-17 13:45:30',0,0,NULL,NULL,NULL,0,0,0,0),(15,'honggildong1!','2021-08-02 15:00:00','31','8','2021','title2','context2',NULL,'2021-08-03 02:00:00','2021-08-03 14:00:00','2021-08-06 08:24:00','2021-08-17 13:45:30','2021-08-17 13:45:30',0,0,NULL,NULL,NULL,0,0,0,0),(16,'honggildong1!','2021-08-02 15:00:00','31','8','2021','title2','context2',NULL,'2021-08-03 02:00:00','2021-08-03 14:00:00','2021-08-06 08:24:00','2021-08-17 13:45:30','2021-08-17 13:45:30',0,0,NULL,NULL,NULL,0,0,0,0),(17,'honggildong1!','2021-08-02 15:00:00','31','8','2021','title2','context2',NULL,'2021-08-03 02:00:00','2021-08-03 14:00:00','2021-08-06 08:24:00','2021-08-17 13:45:30','2021-08-17 13:45:30',0,0,NULL,NULL,NULL,0,0,0,0),(18,'honggildong1!','2021-08-02 15:00:00','31','8','2021','title2','context2',NULL,'2021-08-03 02:00:00','2021-08-03 14:00:00','2021-08-06 08:24:00','2021-08-17 13:45:30','2021-08-17 13:45:30',0,0,NULL,NULL,NULL,0,0,0,0),(19,'honggildong1!','2021-08-02 15:00:00','31','8','2021','title2','context2',NULL,'2021-08-03 02:00:00','2021-08-03 14:00:00','2021-08-06 08:24:00','2021-08-17 13:45:30','2021-08-17 13:45:30',0,0,NULL,NULL,NULL,0,0,0,0),(20,'honggildong1!','2021-08-02 15:00:00','31','8','2021','title2','context2',NULL,'2021-08-03 02:00:00','2021-08-03 14:00:00','2021-08-06 08:24:00','2021-08-17 13:45:30','2021-08-17 13:45:30',0,0,NULL,NULL,NULL,0,0,0,0),(21,'honggildong1!','2021-08-02 15:00:00','31','8','2021','title2','context2',NULL,'2021-08-03 02:00:00','2021-08-03 14:00:00','2021-08-06 08:24:00','2021-08-17 13:45:30','2021-08-17 13:45:30',0,0,NULL,NULL,NULL,0,0,0,0),(22,'honggildong1!','2021-08-02 15:00:00','31','8','2021','title2','context2',NULL,'2021-08-03 02:00:00','2021-08-03 14:00:00','2021-08-06 08:24:00','2021-08-17 13:45:30','2021-08-17 13:45:30',0,0,NULL,NULL,NULL,0,0,0,0),(23,'honggildong1!','2021-08-02 15:00:00','31','8','2021','title2','context2',NULL,'2021-08-03 02:00:00','2021-08-03 14:00:00','2021-08-06 08:24:00','2021-08-17 13:45:31','2021-08-17 13:45:31',0,0,NULL,NULL,NULL,0,0,0,0),(24,'honggildong1!','2021-08-02 15:00:00','31','8','2021','title2','context2',NULL,'2021-08-03 02:00:00','2021-08-03 14:00:00','2021-08-06 08:24:00','2021-08-17 13:45:31','2021-08-17 13:45:31',0,0,NULL,NULL,NULL,0,0,0,0),(25,'honggildong1!','2021-08-02 15:00:00','31','8','2021','title2','context2',NULL,'2021-08-03 02:00:00','2021-08-03 14:00:00','2021-08-06 08:24:00','2021-08-17 13:45:31','2021-08-17 13:45:31',0,0,NULL,NULL,NULL,0,0,0,0),(26,'honggildong1!','2021-08-02 15:00:00','31','8','2021','title2','context2',NULL,'2021-08-03 02:00:00','2021-08-03 14:00:00','2021-08-06 08:24:00','2021-08-17 13:45:31','2021-08-17 13:45:31',0,0,NULL,NULL,NULL,0,0,0,0),(27,'honggildong1!','2021-08-02 15:00:00','31','8','2021','title2','context2',NULL,'2021-08-03 02:00:00','2021-08-03 14:00:00','2021-08-06 08:24:00','2021-08-17 13:45:31','2021-08-17 13:45:31',0,0,NULL,NULL,NULL,0,0,0,0),(28,'honggildong1!','2021-08-02 15:00:00','31','8','2021','title2','context2',NULL,'2021-08-03 02:00:00','2021-08-03 14:00:00','2021-08-06 08:24:00','2021-08-17 13:45:31','2021-08-17 13:45:31',0,0,NULL,NULL,NULL,0,0,0,0),(29,'honggildong1!','2021-08-02 15:00:00','31','8','2021','title2','context2',NULL,'2021-08-03 02:00:00','2021-08-03 14:00:00','2021-08-06 08:24:00','2021-08-17 13:45:31','2021-08-17 13:45:31',0,0,NULL,NULL,NULL,0,0,0,0),(30,'honggildong1!','2021-08-02 15:00:00','31','8','2021','title2','context2',NULL,'2021-08-03 02:00:00','2021-08-03 14:00:00','2021-08-06 08:24:00','2021-08-17 13:45:31','2021-08-17 13:45:31',0,0,NULL,NULL,NULL,0,0,0,0),(31,'honggildong1!','2021-08-02 15:00:00','31','8','2021','title2','context2',NULL,'2021-08-03 02:00:00','2021-08-03 14:00:00','2021-08-06 08:24:00','2021-08-17 13:45:31','2021-08-17 13:45:31',0,0,NULL,NULL,NULL,0,0,0,0),(32,'honggildong1!','2021-08-02 15:00:00','31','8','2021','title2','context2',NULL,'2021-08-03 02:00:00','2021-08-03 14:00:00','2021-08-06 08:24:00','2021-08-17 13:45:31','2021-08-17 13:45:31',0,0,NULL,NULL,NULL,0,0,0,0),(33,'honggildong1!','2021-08-02 15:00:00','31','8','2021','title2','context2',NULL,'2021-08-03 02:00:00','2021-08-03 14:00:00','2021-08-06 08:24:00','2021-08-17 13:45:31','2021-08-17 13:45:31',0,0,NULL,NULL,NULL,0,0,0,0),(34,'honggildong1!','2021-08-02 15:00:00','31','8','2021','title2','context2',NULL,'2021-08-03 02:00:00','2021-08-03 14:00:00','2021-08-06 08:24:00','2021-08-17 13:45:31','2021-08-17 13:45:31',0,0,NULL,NULL,NULL,0,0,0,0),(35,'honggildong1!','2021-08-02 15:00:00','31','8','2021','title2','context2',NULL,'2021-08-03 02:00:00','2021-08-03 14:00:00','2021-08-06 08:24:00','2021-08-17 13:45:31','2021-08-17 13:45:31',0,0,NULL,NULL,NULL,0,0,0,0),(36,'honggildong1!','2021-08-02 15:00:00','31','8','2021','title2','context2',NULL,'2021-08-03 02:00:00','2021-08-03 14:00:00','2021-08-06 08:24:00','2021-08-17 13:45:31','2021-08-17 13:45:31',0,0,NULL,NULL,NULL,0,0,0,0),(37,'honggildong1!','2021-08-02 15:00:00','31','8','2021','title2','context2',NULL,'2021-08-03 02:00:00','2021-08-03 14:00:00','2021-08-06 08:24:00','2021-08-17 13:45:31','2021-08-17 13:45:31',0,0,NULL,NULL,NULL,0,0,0,0),(38,'honggildong1!','2021-08-02 15:00:00','31','8','2021','title2','context2',NULL,'2021-08-03 02:00:00','2021-08-03 14:00:00','2021-08-06 08:24:00','2021-08-17 13:45:31','2021-08-17 13:45:31',0,0,NULL,NULL,NULL,0,0,0,0),(39,'honggildong1!','2021-08-02 15:00:00','31','8','2021','title2','context2',NULL,'2021-08-03 02:00:00','2021-08-03 14:00:00','2021-08-06 08:24:00','2021-08-17 13:45:32','2021-08-17 13:45:32',0,0,NULL,NULL,NULL,0,0,0,0),(40,'honggildong1!','2021-08-02 15:00:00','31','8','2021','title2','context2',NULL,'2021-08-03 02:00:00','2021-08-03 14:00:00','2021-08-06 08:24:00','2021-08-17 13:45:32','2021-08-17 13:45:32',0,0,NULL,NULL,NULL,0,0,0,0),(41,'honggildong1!','2021-08-02 15:00:00','31','8','2021','title2','context2',NULL,'2021-08-03 02:00:00','2021-08-03 14:00:00','2021-08-06 08:24:00','2021-08-17 13:45:32','2021-08-17 13:45:32',0,0,NULL,NULL,NULL,0,0,0,0),(42,'honggildong1!','2021-08-02 15:00:00','31','8','2021','title2','context2',NULL,'2021-08-03 02:00:00','2021-08-03 14:00:00','2021-08-06 08:24:00','2021-08-17 13:45:32','2021-08-17 13:45:32',0,0,NULL,NULL,NULL,0,0,0,0),(43,'honggildong1!','2021-08-02 15:00:00','31','8','2021','title2','context2',NULL,'2021-08-03 02:00:00','2021-08-03 14:00:00','2021-08-06 08:24:00','2021-08-17 13:45:32','2021-08-17 13:45:32',0,0,NULL,NULL,NULL,0,0,0,0),(44,'honggildong1!','2021-08-02 15:00:00','31','8','2021','title2','context2',NULL,'2021-08-03 02:00:00','2021-08-03 14:00:00','2021-08-06 08:24:00','2021-08-17 13:45:32','2021-08-17 13:45:32',0,0,NULL,NULL,NULL,0,0,0,0),(45,'honggildong1!','2021-08-02 15:00:00','31','8','2021','title2','context2',NULL,'2021-08-03 02:00:00','2021-08-03 14:00:00','2021-08-06 08:24:00','2021-08-17 13:45:32','2021-08-17 13:45:32',0,0,NULL,NULL,NULL,0,0,0,0),(46,'honggildong1!','2021-08-02 15:00:00','31','8','2021','title2','context2',NULL,'2021-08-03 02:00:00','2021-08-03 14:00:00','2021-08-06 08:24:00','2021-08-17 13:45:32','2021-08-17 13:45:32',0,0,NULL,NULL,NULL,0,0,0,0),(47,'honggildong1!','2021-08-02 15:00:00','31','8','2021','title2','context2',NULL,'2021-08-03 02:00:00','2021-08-03 14:00:00','2021-08-06 08:24:00','2021-08-17 13:45:32','2021-08-17 13:45:32',0,0,NULL,NULL,NULL,0,0,0,0),(48,'honggildong1!','2021-08-02 15:00:00','31','8','2021','title2','context2',NULL,'2021-08-03 02:00:00','2021-08-03 14:00:00','2021-08-06 08:24:00','2021-08-17 13:45:32','2021-08-17 13:45:32',0,0,NULL,NULL,NULL,0,0,0,0),(49,'honggildong1!','2021-08-02 15:00:00','31','8','2021','title2','context2',NULL,'2021-08-03 02:00:00','2021-08-03 14:00:00','2021-08-06 08:24:00','2021-08-17 13:45:32','2021-08-17 13:45:32',0,0,NULL,NULL,NULL,0,0,0,0),(50,'honggildong1!','2021-08-02 15:00:00','31','8','2021','title2','context2',NULL,'2021-08-03 02:00:00','2021-08-03 14:00:00','2021-08-06 08:24:00','2021-08-17 13:45:32','2021-08-17 13:45:32',0,0,NULL,NULL,NULL,0,0,0,0),(51,'honggildong1!','2021-08-02 15:00:00','31','8','2021','title2','context2',NULL,'2021-08-03 02:00:00','2021-08-03 14:00:00','2021-08-06 08:24:00','2021-08-17 13:45:32','2021-08-17 13:45:32',0,0,NULL,NULL,NULL,0,0,0,0),(52,'honggildong1!','2021-08-02 15:00:00','31','8','2021','title2','context2',NULL,'2021-08-03 02:00:00','2021-08-03 14:00:00','2021-08-06 08:24:00','2021-08-17 13:45:32','2021-08-17 13:45:32',0,0,NULL,NULL,NULL,0,0,0,0),(53,'honggildong1!','2021-08-02 15:00:00','31','8','2021','title2','context2',NULL,'2021-08-03 02:00:00','2021-08-03 14:00:00','2021-08-06 08:24:00','2021-08-17 13:45:32','2021-08-17 13:45:32',0,0,NULL,NULL,NULL,0,0,0,0),(54,'honggildong1!','2021-08-02 15:00:00','31','8','2021','title2','context2',NULL,'2021-08-03 02:00:00','2021-08-03 14:00:00','2021-08-06 08:24:00','2021-08-17 13:45:32','2021-08-17 13:45:32',0,0,NULL,NULL,NULL,0,0,0,0),(55,'honggildong1!','2021-08-02 15:00:00','31','8','2021','title2','context2',NULL,'2021-08-03 02:00:00','2021-08-03 14:00:00','2021-08-06 08:24:00','2021-08-17 13:45:32','2021-08-17 13:45:32',0,0,NULL,NULL,NULL,0,0,0,0),(56,'honggildong1!','2021-08-02 15:00:00','31','8','2021','title2','context2',NULL,'2021-08-03 02:00:00','2021-08-03 14:00:00','2021-08-06 08:24:00','2021-08-17 13:45:32','2021-08-17 13:45:32',0,0,NULL,NULL,NULL,0,0,0,0),(57,'honggildong1!','2021-08-02 15:00:00','31','8','2021','title2','context2',NULL,'2021-08-03 02:00:00','2021-08-03 14:00:00','2021-08-06 08:24:00','2021-08-17 13:45:33','2021-08-17 13:45:33',0,0,NULL,NULL,NULL,0,0,0,0),(58,'honggildong1!','2021-08-02 15:00:00','31','8','2021','title2','context2',NULL,'2021-08-03 02:00:00','2021-08-03 14:00:00','2021-08-06 08:24:00','2021-08-17 13:45:33','2021-08-17 13:45:33',0,0,NULL,NULL,NULL,0,0,0,0),(59,'honggildong1!','2021-08-02 15:00:00','31','8','2021','title2','context2',NULL,'2021-08-03 02:00:00','2021-08-03 14:00:00','2021-08-06 08:24:00','2021-08-17 13:45:33','2021-08-17 13:45:33',0,0,NULL,NULL,NULL,0,0,0,0),(60,'honggildong1!','2021-08-02 15:00:00','31','8','2021','title2','context2',NULL,'2021-08-03 02:00:00','2021-08-03 14:00:00','2021-08-06 08:24:00','2021-08-17 13:45:33','2021-08-17 13:45:33',0,0,NULL,NULL,NULL,0,0,0,0),(61,'honggildong1!','2021-08-02 15:00:00','31','8','2021','title2','context2',NULL,'2021-08-03 02:00:00','2021-08-03 14:00:00','2021-08-06 08:24:00','2021-08-17 13:45:33','2021-08-17 13:45:33',0,0,NULL,NULL,NULL,0,0,0,0),(62,'honggildong1!','2021-08-02 15:00:00','31','8','2021','title2','context2',NULL,'2021-08-03 02:00:00','2021-08-03 14:00:00','2021-08-06 08:24:00','2021-08-17 13:45:33','2021-08-17 13:45:33',0,0,NULL,NULL,NULL,0,0,0,0),(63,'honggildong1!','2021-08-02 15:00:00','31','8','2021','title2','context2',NULL,'2021-08-03 02:00:00','2021-08-03 14:00:00','2021-08-06 08:24:00','2021-08-17 13:45:33','2021-08-17 13:45:33',0,0,NULL,NULL,NULL,0,0,0,0),(64,'honggildong1!','2021-08-02 15:00:00','31','8','2021','title2','context2',NULL,'2021-08-03 02:00:00','2021-08-03 14:00:00','2021-08-06 08:24:00','2021-08-17 13:45:33','2021-08-17 13:45:33',0,0,NULL,NULL,NULL,0,0,0,0),(65,'honggildong1!','2021-08-02 15:00:00','31','8','2021','title2','context2',NULL,'2021-08-03 02:00:00','2021-08-03 14:00:00','2021-08-06 08:24:00','2021-08-17 13:45:33','2021-08-17 13:45:33',0,0,NULL,NULL,NULL,0,0,0,0),(66,'honggildong1!','2021-08-02 15:00:00','31','8','2021','title2','context2',NULL,'2021-08-03 02:00:00','2021-08-03 14:00:00','2021-08-06 08:24:00','2021-08-17 13:45:33','2021-08-17 13:45:33',0,0,NULL,NULL,NULL,0,0,0,0),(67,'honggildong1!','2021-08-02 15:00:00','31','8','2021','title2','context2',NULL,'2021-08-03 02:00:00','2021-08-03 14:00:00','2021-08-06 08:24:00','2021-08-17 13:45:33','2021-08-17 13:45:33',0,0,NULL,NULL,NULL,0,0,0,0),(68,'honggildong1!','2021-08-02 15:00:00','31','8','2021','title2','context2',NULL,'2021-08-03 02:00:00','2021-08-03 14:00:00','2021-08-06 08:24:00','2021-08-17 13:45:33','2021-08-17 13:45:33',0,0,NULL,NULL,NULL,0,0,0,0),(69,'honggildong1!','2021-08-02 15:00:00','31','8','2021','title2','context2',NULL,'2021-08-03 02:00:00','2021-08-03 14:00:00','2021-08-06 08:24:00','2021-08-17 13:45:33','2021-08-17 13:45:33',0,0,NULL,NULL,NULL,0,0,0,0),(70,'honggildong1!','2021-08-02 15:00:00','31','8','2021','title2','context2',NULL,'2021-08-03 02:00:00','2021-08-03 14:00:00','2021-08-06 08:24:00','2021-08-17 13:45:33','2021-08-17 13:45:33',0,0,NULL,NULL,NULL,0,0,0,0),(71,'honggildong1!','2021-08-02 15:00:00','31','8','2021','title2','context2',NULL,'2021-08-03 02:00:00','2021-08-03 14:00:00','2021-08-06 08:24:00','2021-08-17 13:45:33','2021-08-17 13:45:33',0,0,NULL,NULL,NULL,0,0,0,0),(72,'honggildong1!','2021-08-02 15:00:00','31','8','2021','title2','context2',NULL,'2021-08-03 02:00:00','2021-08-03 14:00:00','2021-08-06 08:24:00','2021-08-17 13:45:33','2021-08-17 13:45:33',0,0,NULL,NULL,NULL,0,0,0,0),(73,'honggildong1!','2021-08-02 15:00:00','31','8','2021','title2','context2',NULL,'2021-08-03 02:00:00','2021-08-03 14:00:00','2021-08-06 08:24:00','2021-08-17 13:45:33','2021-08-17 13:45:33',0,0,NULL,NULL,NULL,0,0,0,0),(74,'honggildong1!','2021-08-02 15:00:00','31','8','2021','title2','context2',NULL,'2021-08-03 02:00:00','2021-08-03 14:00:00','2021-08-06 08:24:00','2021-08-17 13:45:34','2021-08-17 13:45:34',0,0,NULL,NULL,NULL,0,0,0,0),(75,'honggildong1!','2021-08-02 15:00:00','31','8','2021','title2','context2',NULL,'2021-08-03 02:00:00','2021-08-03 14:00:00','2021-08-06 08:24:00','2021-08-17 13:45:34','2021-08-17 13:45:34',0,0,NULL,NULL,NULL,0,0,0,0),(76,'honggildong1!','2021-08-02 15:00:00','31','8','2021','title2','context2',NULL,'2021-08-03 02:00:00','2021-08-03 14:00:00','2021-08-06 08:24:00','2021-08-17 13:45:34','2021-08-17 13:45:34',0,0,NULL,NULL,NULL,0,0,0,0),(77,'honggildong1!','2021-08-02 15:00:00','31','8','2021','title2','context2',NULL,'2021-08-03 02:00:00','2021-08-03 14:00:00','2021-08-06 08:24:00','2021-08-17 13:45:34','2021-08-17 13:45:34',0,0,NULL,NULL,NULL,0,0,0,0),(78,'honggildong1!','2021-08-02 15:00:00','31','8','2021','title2','context2',NULL,'2021-08-03 02:00:00','2021-08-03 14:00:00','2021-08-06 08:24:00','2021-08-17 13:45:34','2021-08-17 13:45:34',0,0,NULL,NULL,NULL,0,0,0,0),(79,'honggildong1!','2021-08-02 15:00:00','31','8','2021','title2','context2',NULL,'2021-08-03 02:00:00','2021-08-03 14:00:00','2021-08-06 08:24:00','2021-08-17 13:45:34','2021-08-17 13:45:34',0,0,NULL,NULL,NULL,0,0,0,0),(80,'honggildong1!','2021-08-02 15:00:00','31','8','2021','title2','context2',NULL,'2021-08-03 02:00:00','2021-08-03 14:00:00','2021-08-06 08:24:00','2021-08-17 13:45:34','2021-08-17 13:45:34',0,0,NULL,NULL,NULL,0,0,0,0),(81,'honggildong1!','2021-08-02 15:00:00','31','8','2021','title2','context2',NULL,'2021-08-03 02:00:00','2021-08-03 14:00:00','2021-08-06 08:24:00','2021-08-17 13:45:34','2021-08-17 13:45:34',0,0,NULL,NULL,NULL,0,0,0,0),(82,'honggildong1!','2021-08-02 15:00:00','31','8','2021','title2','context2',NULL,'2021-08-03 02:00:00','2021-08-03 14:00:00','2021-08-06 08:24:00','2021-08-17 13:45:34','2021-08-17 13:45:34',0,0,NULL,NULL,NULL,0,0,0,0),(83,'honggildong1!','2021-08-02 15:00:00','31','8','2021','title2','context2',NULL,'2021-08-03 02:00:00','2021-08-03 14:00:00','2021-08-06 08:24:00','2021-08-17 13:45:34','2021-08-17 13:45:34',0,0,NULL,NULL,NULL,0,0,0,0),(84,'honggildong1!','2021-08-02 15:00:00','31','8','2021','title2','context2',NULL,'2021-08-03 02:00:00','2021-08-03 14:00:00','2021-08-06 08:24:00','2021-08-17 13:45:34','2021-08-17 13:45:34',0,0,NULL,NULL,NULL,0,0,0,0),(85,'honggildong1!','2021-08-02 15:00:00','31','8','2021','title2','context2',NULL,'2021-08-03 02:00:00','2021-08-03 14:00:00','2021-08-06 08:24:00','2021-08-17 13:45:34','2021-08-17 13:45:34',0,0,NULL,NULL,NULL,0,0,0,0),(86,'honggildong1!','2021-08-02 15:00:00','31','8','2021','title2','context2',NULL,'2021-08-03 02:00:00','2021-08-03 14:00:00','2021-08-06 08:24:00','2021-08-17 13:45:34','2021-08-17 13:45:34',0,0,NULL,NULL,NULL,0,0,0,0),(87,'honggildong1!','2021-08-02 15:00:00','31','8','2021','title2','context2',NULL,'2021-08-03 02:00:00','2021-08-03 14:00:00','2021-08-06 08:24:00','2021-08-17 13:45:34','2021-08-17 13:45:34',0,0,NULL,NULL,NULL,0,0,0,0),(88,'honggildong1!','2021-08-02 15:00:00','31','8','2021','title2','context2',NULL,'2021-08-03 02:00:00','2021-08-03 14:00:00','2021-08-06 08:24:00','2021-08-17 13:45:34','2021-08-17 13:45:34',0,0,NULL,NULL,NULL,0,0,0,0),(89,'honggildong1!','2021-08-02 15:00:00','31','8','2021','title2','context2',NULL,'2021-08-03 02:00:00','2021-08-03 14:00:00','2021-08-06 08:24:00','2021-08-17 13:45:34','2021-08-17 13:45:34',0,0,NULL,NULL,NULL,0,0,0,0),(90,'honggildong1!','2021-08-02 15:00:00','31','8','2021','title2','context2',NULL,'2021-08-03 02:00:00','2021-08-03 14:00:00','2021-08-06 08:24:00','2021-08-17 13:45:34','2021-08-17 13:45:34',0,0,NULL,NULL,NULL,0,0,0,0),(91,'honggildong1!','2021-08-02 15:00:00','31','8','2021','title2','context2',NULL,'2021-08-03 02:00:00','2021-08-03 14:00:00','2021-08-06 08:24:00','2021-08-17 13:45:34','2021-08-17 13:45:34',0,0,NULL,NULL,NULL,0,0,0,0),(92,'honggildong1!','2021-08-02 15:00:00','31','8','2021','title2','context2',NULL,'2021-08-03 02:00:00','2021-08-03 14:00:00','2021-08-06 08:24:00','2021-08-17 13:45:34','2021-08-17 13:45:34',0,0,NULL,NULL,NULL,0,0,0,0),(93,'honggildong1!','2021-08-02 15:00:00','31','8','2021','title2','context2',NULL,'2021-08-03 02:00:00','2021-08-03 14:00:00','2021-08-06 08:24:00','2021-08-17 13:45:35','2021-08-17 13:45:35',0,0,NULL,NULL,NULL,0,0,0,0),(94,'honggildong1!','2021-08-02 15:00:00','31','8','2021','title2','context2',NULL,'2021-08-03 02:00:00','2021-08-03 14:00:00','2021-08-06 08:24:00','2021-08-17 13:45:35','2021-08-17 13:45:35',0,0,NULL,NULL,NULL,0,0,0,0),(95,'honggildong1!','2021-08-02 15:00:00','31','8','2021','title2','context2',NULL,'2021-08-03 02:00:00','2021-08-03 14:00:00','2021-08-06 08:24:00','2021-08-17 13:45:35','2021-08-17 13:45:35',0,0,NULL,NULL,NULL,0,0,0,0),(96,'honggildong1!','2021-08-02 15:00:00','31','8','2021','title2','context2',NULL,'2021-08-03 02:00:00','2021-08-03 14:00:00','2021-08-06 08:24:00','2021-08-17 13:45:35','2021-08-17 13:45:35',0,0,NULL,NULL,NULL,0,0,0,0),(97,'honggildong1!','2021-08-02 15:00:00','31','8','2021','title2','context2',NULL,'2021-08-03 02:00:00','2021-08-03 14:00:00','2021-08-06 08:24:00','2021-08-17 13:45:35','2021-08-17 13:45:35',0,0,NULL,NULL,NULL,0,0,0,0),(98,'honggildong1!','2021-08-02 15:00:00','31','8','2021','title2','context2',NULL,'2021-08-03 02:00:00','2021-08-03 14:00:00','2021-08-06 08:24:00','2021-08-17 13:45:35','2021-08-17 13:45:35',0,0,NULL,NULL,NULL,0,0,0,0),(99,'honggildong1!','2021-08-02 15:00:00','31','8','2021','title2','context2',NULL,'2021-08-03 02:00:00','2021-08-03 14:00:00','2021-08-06 08:24:00','2021-08-17 13:45:35','2021-08-17 13:45:35',0,0,NULL,NULL,NULL,0,0,0,0),(100,'honggildong1!','2021-08-02 15:00:00','31','8','2021','title2','context2',NULL,'2021-08-03 02:00:00','2021-08-03 14:00:00','2021-08-06 08:24:00','2021-08-17 13:45:35','2021-08-17 13:45:35',0,0,NULL,NULL,NULL,0,0,0,0),(101,'honggildong1!','2021-08-02 15:00:00','31','8','2021','title2','context2',NULL,'2021-08-03 02:00:00','2021-08-03 14:00:00','2021-08-06 08:24:00','2021-08-17 13:45:35','2021-08-17 13:45:35',0,0,NULL,NULL,NULL,0,0,0,0),(102,'honggildong1!','2021-08-02 15:00:00','31','8','2021','title2','context2',NULL,'2021-08-03 02:00:00','2021-08-03 14:00:00','2021-08-06 08:24:00','2021-08-17 13:45:35','2021-08-17 13:45:35',0,0,NULL,NULL,NULL,0,0,0,0),(103,'honggildong1!','2021-08-02 15:00:00','31','8','2021','title2','context2',NULL,'2021-08-03 02:00:00','2021-08-03 14:00:00','2021-08-06 08:24:00','2021-08-17 13:45:35','2021-08-17 13:45:35',0,0,NULL,NULL,NULL,0,0,0,0),(104,'honggildong1!','2021-08-02 15:00:00','31','8','2021','title2','context2',NULL,'2021-08-03 02:00:00','2021-08-03 14:00:00','2021-08-06 08:24:00','2021-08-17 13:45:35','2021-08-17 13:45:35',0,0,NULL,NULL,NULL,0,0,0,0),(105,'honggildong1!','2021-08-02 15:00:00','31','8','2021','title2','context2',NULL,'2021-08-03 02:00:00','2021-08-03 14:00:00','2021-08-06 08:24:00','2021-08-17 13:45:35','2021-08-17 13:45:35',0,0,NULL,NULL,NULL,0,0,0,0),(106,'honggildong1!','2021-08-02 15:00:00','31','8','2021','title2','context2',NULL,'2021-08-03 02:00:00','2021-08-03 14:00:00','2021-08-06 08:24:00','2021-08-17 13:45:35','2021-08-17 13:45:35',0,0,NULL,NULL,NULL,0,0,0,0),(107,'honggildong1!','2021-08-02 15:00:00','31','8','2021','title2','context2',NULL,'2021-08-03 02:00:00','2021-08-03 14:00:00','2021-08-06 08:24:00','2021-08-17 13:45:35','2021-08-17 13:45:35',0,0,NULL,NULL,NULL,0,0,0,0),(108,'honggildong1!','2021-08-02 15:00:00','31','8','2021','title2','context2',NULL,'2021-08-03 02:00:00','2021-08-03 14:00:00','2021-08-06 08:24:00','2021-08-17 13:45:35','2021-08-17 13:45:35',0,0,NULL,NULL,NULL,0,0,0,0),(109,'honggildong1!','2021-08-02 15:00:00','31','8','2021','title2','context2',NULL,'2021-08-03 02:00:00','2021-08-03 14:00:00','2021-08-06 08:24:00','2021-08-17 13:45:36','2021-08-17 13:45:36',0,0,NULL,NULL,NULL,0,0,0,0),(110,'honggildong1!','2021-08-02 15:00:00','31','8','2021','title2','context2',NULL,'2021-08-03 02:00:00','2021-08-03 14:00:00','2021-08-06 08:24:00','2021-08-17 13:45:36','2021-08-17 13:45:36',0,0,NULL,NULL,NULL,0,0,0,0),(111,'honggildong1!','2021-08-02 15:00:00','31','8','2021','title2','context2',NULL,'2021-08-03 02:00:00','2021-08-03 14:00:00','2021-08-06 08:24:00','2021-08-17 13:45:36','2021-08-17 13:45:36',0,0,NULL,NULL,NULL,0,0,0,0),(112,'honggildong1!','2021-08-02 15:00:00','31','8','2021','title2','context2',NULL,'2021-08-03 02:00:00','2021-08-03 14:00:00','2021-08-06 08:24:00','2021-08-17 13:45:36','2021-08-17 13:45:36',0,0,NULL,NULL,NULL,0,0,0,0),(113,'honggildong1!','2021-08-02 15:00:00','31','8','2021','title2','context2',NULL,'2021-08-03 02:00:00','2021-08-03 14:00:00','2021-08-06 08:24:00','2021-08-17 13:45:36','2021-08-17 13:45:36',0,0,NULL,NULL,NULL,0,0,0,0),(114,'honggildong1!','2021-08-02 15:00:00','31','8','2021','title2','context2',NULL,'2021-08-03 02:00:00','2021-08-03 14:00:00','2021-08-06 08:24:00','2021-08-17 13:45:36','2021-08-17 13:45:36',0,0,NULL,NULL,NULL,0,0,0,0),(115,'honggildong1!','2021-08-02 15:00:00','31','8','2021','title2','context2',NULL,'2021-08-03 02:00:00','2021-08-03 14:00:00','2021-08-06 08:24:00','2021-08-17 13:45:36','2021-08-17 13:45:36',0,0,NULL,NULL,NULL,0,0,0,0),(116,'honggildong1!','2021-08-02 15:00:00','31','8','2021','title2','context2',NULL,'2021-08-03 02:00:00','2021-08-03 14:00:00','2021-08-06 08:24:00','2021-08-17 13:45:36','2021-08-17 13:45:36',0,0,NULL,NULL,NULL,0,0,0,0),(117,'honggildong1!','2021-08-02 15:00:00','31','8','2021','title2','context2',NULL,'2021-08-03 02:00:00','2021-08-03 14:00:00','2021-08-06 08:24:00','2021-08-17 13:45:36','2021-08-17 13:45:36',0,0,NULL,NULL,NULL,0,0,0,0),(118,'honggildong1!','2021-08-02 15:00:00','31','8','2021','title2','context2',NULL,'2021-08-03 02:00:00','2021-08-03 14:00:00','2021-08-06 08:24:00','2021-08-17 13:45:36','2021-08-17 13:45:36',0,0,NULL,NULL,NULL,0,0,0,0),(119,'honggildong1!','2021-08-02 15:00:00','31','8','2021','title2','context2',NULL,'2021-08-03 02:00:00','2021-08-03 14:00:00','2021-08-06 08:24:00','2021-08-17 13:45:36','2021-08-17 13:45:36',0,0,NULL,NULL,NULL,0,0,0,0),(120,'honggildong1!','2021-08-02 15:00:00','31','8','2021','title2','context2',NULL,'2021-08-03 02:00:00','2021-08-03 14:00:00','2021-08-06 08:24:00','2021-08-17 13:45:36','2021-08-17 13:45:36',0,0,NULL,NULL,NULL,0,0,0,0),(121,'honggildong1!','2021-08-02 15:00:00','31','8','2021','title2','context2',NULL,'2021-08-03 02:00:00','2021-08-03 14:00:00','2021-08-06 08:24:00','2021-08-17 13:45:36','2021-08-17 13:45:36',0,0,NULL,NULL,NULL,0,0,0,0),(122,'honggildong1!','2021-08-02 15:00:00','31','8','2021','title2','context2',NULL,'2021-08-03 02:00:00','2021-08-03 14:00:00','2021-08-06 08:24:00','2021-08-17 13:45:36','2021-08-17 13:45:36',0,0,NULL,NULL,NULL,0,0,0,0),(123,'honggildong1!','2021-08-02 15:00:00','31','8','2021','title2','context2',NULL,'2021-08-03 02:00:00','2021-08-03 14:00:00','2021-08-06 08:24:00','2021-08-17 13:45:36','2021-08-17 13:45:36',0,0,NULL,NULL,NULL,0,0,0,0),(124,'honggildong1!','2021-08-02 15:00:00','31','8','2021','title2','context2',NULL,'2021-08-03 02:00:00','2021-08-03 14:00:00','2021-08-06 08:24:00','2021-08-17 13:45:36','2021-08-17 13:45:36',0,0,NULL,NULL,NULL,0,0,0,0),(125,'honggildong1!','2021-08-02 15:00:00','31','8','2021','title2','context2',NULL,'2021-08-03 02:00:00','2021-08-03 14:00:00','2021-08-06 08:24:00','2021-08-17 13:45:36','2021-08-17 13:45:36',0,0,NULL,NULL,NULL,0,0,0,0),(126,'honggildong1!','2021-08-02 15:00:00','31','8','2021','title2','context2',NULL,'2021-08-03 02:00:00','2021-08-03 14:00:00','2021-08-06 08:24:00','2021-08-17 13:45:37','2021-08-17 13:45:37',0,0,NULL,NULL,NULL,0,0,0,0),(127,'honggildong1!','2021-08-02 15:00:00','31','8','2021','title2','context2',NULL,'2021-08-03 02:00:00','2021-08-03 14:00:00','2021-08-06 08:24:00','2021-08-17 13:45:37','2021-08-17 13:45:37',0,0,NULL,NULL,NULL,0,0,0,0),(128,'honggildong1!','2021-08-02 15:00:00','31','8','2021','title2','context2',NULL,'2021-08-03 02:00:00','2021-08-03 14:00:00','2021-08-06 08:24:00','2021-08-17 13:45:37','2021-08-17 13:45:37',0,0,NULL,NULL,NULL,0,0,0,0),(129,'honggildong1!','2021-08-02 15:00:00','31','8','2021','title2','context2',NULL,'2021-08-03 02:00:00','2021-08-03 14:00:00','2021-08-06 08:24:00','2021-08-17 13:45:37','2021-08-17 13:45:37',0,0,NULL,NULL,NULL,0,0,0,0),(130,'honggildong1!','2021-08-02 15:00:00','31','8','2021','title2','context2',NULL,'2021-08-03 02:00:00','2021-08-03 14:00:00','2021-08-06 08:24:00','2021-08-17 13:45:37','2021-08-17 13:45:37',0,0,NULL,NULL,NULL,0,0,0,0),(131,'honggildong1!','2021-08-02 15:00:00','31','8','2021','title2','context2',NULL,'2021-08-03 02:00:00','2021-08-03 14:00:00','2021-08-06 08:24:00','2021-08-17 13:45:37','2021-08-17 13:45:37',0,0,NULL,NULL,NULL,0,0,0,0),(132,'honggildong1!','2021-08-02 15:00:00','31','8','2021','title2','context2',NULL,'2021-08-03 02:00:00','2021-08-03 14:00:00','2021-08-06 08:24:00','2021-08-17 13:45:37','2021-08-17 13:45:37',0,0,NULL,NULL,NULL,0,0,0,0),(133,'honggildong1!','2021-08-02 15:00:00','31','8','2021','title2','context2',NULL,'2021-08-03 02:00:00','2021-08-03 14:00:00','2021-08-06 08:24:00','2021-08-17 13:45:37','2021-08-17 13:45:37',0,0,NULL,NULL,NULL,0,0,0,0),(134,'honggildong1!','2021-08-02 15:00:00','31','8','2021','title2','context2',NULL,'2021-08-03 02:00:00','2021-08-03 14:00:00','2021-08-06 08:24:00','2021-08-17 13:45:37','2021-08-17 13:45:37',0,0,NULL,NULL,NULL,0,0,0,0),(135,'honggildong1!','2021-08-02 15:00:00','31','8','2021','title2','context2',NULL,'2021-08-03 02:00:00','2021-08-03 14:00:00','2021-08-06 08:24:00','2021-08-17 13:45:37','2021-08-17 13:45:37',0,0,NULL,NULL,NULL,0,0,0,0),(136,'honggildong1!','2021-08-02 15:00:00','31','8','2021','title2','context2',NULL,'2021-08-03 02:00:00','2021-08-03 14:00:00','2021-08-06 08:24:00','2021-08-17 13:45:37','2021-08-17 13:45:37',0,0,NULL,NULL,NULL,0,0,0,0),(137,'honggildong1!','2021-08-02 15:00:00','31','8','2021','title2','context2',NULL,'2021-08-03 02:00:00','2021-08-03 14:00:00','2021-08-06 08:24:00','2021-08-17 13:45:37','2021-08-17 13:45:37',0,0,NULL,NULL,NULL,0,0,0,0),(138,'honggildong1!','2021-08-02 15:00:00','31','8','2021','title2','context2',NULL,'2021-08-03 02:00:00','2021-08-03 14:00:00','2021-08-06 08:24:00','2021-08-17 13:45:37','2021-08-17 13:45:37',0,0,NULL,NULL,NULL,0,0,0,0),(139,'honggildong1!','2021-08-02 15:00:00','31','8','2021','title2','context2',NULL,'2021-08-03 02:00:00','2021-08-03 14:00:00','2021-08-06 08:24:00','2021-08-17 13:45:37','2021-08-17 13:45:37',0,0,NULL,NULL,NULL,0,0,0,0),(140,'honggildong1!','2021-08-02 15:00:00','31','8','2021','title2','context2',NULL,'2021-08-03 02:00:00','2021-08-03 14:00:00','2021-08-06 08:24:00','2021-08-17 13:45:37','2021-08-17 13:45:37',0,0,NULL,NULL,NULL,0,0,0,0),(141,'honggildong1!','2021-08-02 15:00:00','31','8','2021','title2','context2',NULL,'2021-08-03 02:00:00','2021-08-03 14:00:00','2021-08-06 08:24:00','2021-08-17 13:45:37','2021-08-17 13:45:37',0,0,NULL,NULL,NULL,0,0,0,0),(142,'honggildong1!','2021-08-02 15:00:00','31','8','2021','title2','context2',NULL,'2021-08-03 02:00:00','2021-08-03 14:00:00','2021-08-06 08:24:00','2021-08-17 13:45:38','2021-08-17 13:45:38',0,0,NULL,NULL,NULL,0,0,0,0),(143,'honggildong1!','2021-08-02 15:00:00','31','8','2021','title2','context2',NULL,'2021-08-03 02:00:00','2021-08-03 14:00:00','2021-08-06 08:24:00','2021-08-17 13:45:38','2021-08-17 13:45:38',0,0,NULL,NULL,NULL,0,0,0,0),(144,'honggildong1!','2021-08-02 15:00:00','31','8','2021','title2','context2',NULL,'2021-08-03 02:00:00','2021-08-03 14:00:00','2021-08-06 08:24:00','2021-08-17 13:45:38','2021-08-17 13:45:38',0,0,NULL,NULL,NULL,0,0,0,0),(145,'honggildong1!','2021-08-02 15:00:00','31','8','2021','title2','context2',NULL,'2021-08-03 02:00:00','2021-08-03 14:00:00','2021-08-06 08:24:00','2021-08-17 13:45:38','2021-08-17 13:45:38',0,0,NULL,NULL,NULL,0,0,0,0),(146,'honggildong1!','2021-08-02 15:00:00','31','8','2021','title2','context2',NULL,'2021-08-03 02:00:00','2021-08-03 14:00:00','2021-08-06 08:24:00','2021-08-17 13:45:38','2021-08-17 13:45:38',0,0,NULL,NULL,NULL,0,0,0,0),(147,'honggildong1!','2021-08-02 15:00:00','31','8','2021','title2','context2',NULL,'2021-08-03 02:00:00','2021-08-03 14:00:00','2021-08-06 08:24:00','2021-08-17 13:45:38','2021-08-17 13:45:38',0,0,NULL,NULL,NULL,0,0,0,0),(148,'honggildong1!','2021-08-02 15:00:00','31','8','2021','title2','context2',NULL,'2021-08-03 02:00:00','2021-08-03 14:00:00','2021-08-06 08:24:00','2021-08-17 13:45:38','2021-08-17 13:45:38',0,0,NULL,NULL,NULL,0,0,0,0),(149,'honggildong1!','2021-08-02 15:00:00','31','8','2021','title2','context2',NULL,'2021-08-03 02:00:00','2021-08-03 14:00:00','2021-08-06 08:24:00','2021-08-17 13:45:38','2021-08-17 13:45:38',0,0,NULL,NULL,NULL,0,0,0,0),(150,'honggildong1!','2021-08-02 15:00:00','31','8','2021','title2','context2',NULL,'2021-08-03 02:00:00','2021-08-03 14:00:00','2021-08-06 08:24:00','2021-08-17 13:45:38','2021-08-17 13:45:38',0,0,NULL,NULL,NULL,0,0,0,0),(151,'honggildong1!','2021-08-02 15:00:00','31','8','2021','title2','context2',NULL,'2021-08-03 02:00:00','2021-08-03 14:00:00','2021-08-06 08:24:00','2021-08-17 13:45:38','2021-08-17 13:45:38',0,0,NULL,NULL,NULL,0,0,0,0),(152,'honggildong1!','2021-08-02 15:00:00','31','8','2021','title2','context2',NULL,'2021-08-03 02:00:00','2021-08-03 14:00:00','2021-08-06 08:24:00','2021-08-17 13:45:38','2021-08-17 13:45:38',0,0,NULL,NULL,NULL,0,0,0,0),(153,'honggildong1!','2021-08-02 15:00:00','31','8','2021','title2','context2',NULL,'2021-08-03 02:00:00','2021-08-03 14:00:00','2021-08-06 08:24:00','2021-08-17 13:45:38','2021-08-17 13:45:38',0,0,NULL,NULL,NULL,0,0,0,0),(154,'honggildong1!','2021-08-02 15:00:00','31','8','2021','title2','context2',NULL,'2021-08-03 02:00:00','2021-08-03 14:00:00','2021-08-06 08:24:00','2021-08-17 13:45:38','2021-08-17 13:45:38',0,0,NULL,NULL,NULL,0,0,0,0),(155,'honggildong1!','2021-08-02 15:00:00','31','8','2021','title2','context2',NULL,'2021-08-03 02:00:00','2021-08-03 14:00:00','2021-08-06 08:24:00','2021-08-17 13:45:38','2021-08-17 13:45:38',0,0,NULL,NULL,NULL,0,0,0,0),(156,'honggildong1!','2021-08-02 15:00:00','31','8','2021','title2','context2',NULL,'2021-08-03 02:00:00','2021-08-03 14:00:00','2021-08-06 08:24:00','2021-08-17 13:45:38','2021-08-17 13:45:38',0,0,NULL,NULL,NULL,0,0,0,0),(157,'honggildong1!','2021-08-02 15:00:00','31','8','2021','title2','context2',NULL,'2021-08-03 02:00:00','2021-08-03 14:00:00','2021-08-06 08:24:00','2021-08-17 13:45:38','2021-08-17 13:45:38',0,0,NULL,NULL,NULL,0,0,0,0),(158,'honggildong1!','2021-08-02 15:00:00','31','8','2021','title2','context2',NULL,'2021-08-03 02:00:00','2021-08-03 14:00:00','2021-08-06 08:24:00','2021-08-17 13:45:38','2021-08-17 13:45:38',0,0,NULL,NULL,NULL,0,0,0,0),(159,'honggildong1!','2021-08-02 15:00:00','31','8','2021','title2','context2',NULL,'2021-08-03 02:00:00','2021-08-03 14:00:00','2021-08-06 08:24:00','2021-08-17 13:45:38','2021-08-17 13:45:38',0,0,NULL,NULL,NULL,0,0,0,0),(160,'honggildong1!','2021-08-02 15:00:00','31','8','2021','title2','context2',NULL,'2021-08-03 02:00:00','2021-08-03 14:00:00','2021-08-06 08:24:00','2021-08-17 13:45:38','2021-08-17 13:45:38',0,0,NULL,NULL,NULL,0,0,0,0),(161,'honggildong1!','2021-08-02 15:00:00','31','8','2021','title2','context2',NULL,'2021-08-03 02:00:00','2021-08-03 14:00:00','2021-08-06 08:24:00','2021-08-17 13:45:39','2021-08-17 13:45:39',0,0,NULL,NULL,NULL,0,0,0,0),(162,'honggildong1!','2021-08-02 15:00:00','31','8','2021','title2','context2',NULL,'2021-08-03 02:00:00','2021-08-03 14:00:00','2021-08-06 08:24:00','2021-08-17 13:45:39','2021-08-17 13:45:39',0,0,NULL,NULL,NULL,0,0,0,0),(163,'honggildong1!','2021-08-02 15:00:00','31','8','2021','title2','context2',NULL,'2021-08-03 02:00:00','2021-08-03 14:00:00','2021-08-06 08:24:00','2021-08-17 13:45:39','2021-08-17 13:45:39',0,0,NULL,NULL,NULL,0,0,0,0),(164,'honggildong1!','2021-08-02 15:00:00','31','8','2021','title2','context2',NULL,'2021-08-03 02:00:00','2021-08-03 14:00:00','2021-08-06 08:24:00','2021-08-17 13:45:39','2021-08-17 13:45:39',0,0,NULL,NULL,NULL,0,0,0,0),(165,'honggildong1!','2021-08-02 15:00:00','31','8','2021','title2','context2',NULL,'2021-08-03 02:00:00','2021-08-03 14:00:00','2021-08-06 08:24:00','2021-08-17 13:45:39','2021-08-17 13:45:39',0,0,NULL,NULL,NULL,0,0,0,0),(166,'honggildong1!','2021-08-02 15:00:00','31','8','2021','title2','context2',NULL,'2021-08-03 02:00:00','2021-08-03 14:00:00','2021-08-06 08:24:00','2021-08-17 13:45:39','2021-08-17 13:45:39',0,0,NULL,NULL,NULL,0,0,0,0),(167,'honggildong1!','2021-08-02 15:00:00','31','8','2021','title2','context2',NULL,'2021-08-03 02:00:00','2021-08-03 14:00:00','2021-08-06 08:24:00','2021-08-17 13:45:39','2021-08-17 13:45:39',0,0,NULL,NULL,NULL,0,0,0,0),(168,'honggildong1!','2021-08-02 15:00:00','31','8','2021','title2','context2',NULL,'2021-08-03 02:00:00','2021-08-03 14:00:00','2021-08-06 08:24:00','2021-08-17 13:45:39','2021-08-17 13:45:39',0,0,NULL,NULL,NULL,0,0,0,0),(169,'honggildong1!','2021-08-02 15:00:00','31','8','2021','title2','context2',NULL,'2021-08-03 02:00:00','2021-08-03 14:00:00','2021-08-06 08:24:00','2021-08-17 13:45:39','2021-08-17 13:45:39',0,0,NULL,NULL,NULL,0,0,0,0),(170,'honggildong1!','2021-08-02 15:00:00','31','8','2021','title2','context2',NULL,'2021-08-03 02:00:00','2021-08-03 14:00:00','2021-08-06 08:24:00','2021-08-17 13:45:39','2021-08-17 13:45:39',0,0,NULL,NULL,NULL,0,0,0,0),(171,'honggildong1!','2021-08-02 15:00:00','31','8','2021','title2','context2',NULL,'2021-08-03 02:00:00','2021-08-03 14:00:00','2021-08-06 08:24:00','2021-08-17 13:45:39','2021-08-17 13:45:39',0,0,NULL,NULL,NULL,0,0,0,0),(172,'honggildong1!','2021-08-02 15:00:00','31','8','2021','title2','context2',NULL,'2021-08-03 02:00:00','2021-08-03 14:00:00','2021-08-06 08:24:00','2021-08-17 13:45:39','2021-08-17 13:45:39',0,0,NULL,NULL,NULL,0,0,0,0),(173,'honggildong1!','2021-08-02 15:00:00','31','8','2021','title2','context2',NULL,'2021-08-03 02:00:00','2021-08-03 14:00:00','2021-08-06 08:24:00','2021-08-17 13:45:39','2021-08-17 13:45:39',0,0,NULL,NULL,NULL,0,0,0,0),(174,'honggildong1!','2021-08-02 15:00:00','31','8','2021','title2','context2',NULL,'2021-08-03 02:00:00','2021-08-03 14:00:00','2021-08-06 08:24:00','2021-08-17 13:45:39','2021-08-17 13:45:39',0,0,NULL,NULL,NULL,0,0,0,0),(175,'honggildong1!','2021-08-02 15:00:00','31','8','2021','title2','context2',NULL,'2021-08-03 02:00:00','2021-08-03 14:00:00','2021-08-06 08:24:00','2021-08-17 13:45:39','2021-08-17 13:45:39',0,0,NULL,NULL,NULL,0,0,0,0),(176,'honggildong1!','2021-08-02 15:00:00','31','8','2021','title2','context2',NULL,'2021-08-03 02:00:00','2021-08-03 14:00:00','2021-08-06 08:24:00','2021-08-17 13:45:39','2021-08-17 13:45:39',0,0,NULL,NULL,NULL,0,0,0,0),(177,'honggildong1!','2021-08-02 15:00:00','31','8','2021','title2','context2',NULL,'2021-08-03 02:00:00','2021-08-03 14:00:00','2021-08-06 08:24:00','2021-08-17 13:45:39','2021-08-17 13:45:39',0,0,NULL,NULL,NULL,0,0,0,0),(178,'honggildong1!','2021-08-02 15:00:00','31','8','2021','title2','context2',NULL,'2021-08-03 02:00:00','2021-08-03 14:00:00','2021-08-06 08:24:00','2021-08-17 13:45:40','2021-08-17 13:45:40',0,0,NULL,NULL,NULL,0,0,0,0),(179,'honggildong1!','2021-08-02 15:00:00','31','8','2021','title2','context2',NULL,'2021-08-03 02:00:00','2021-08-03 14:00:00','2021-08-06 08:24:00','2021-08-17 13:45:40','2021-08-17 13:45:40',0,0,NULL,NULL,NULL,0,0,0,0),(180,'honggildong1!','2021-08-02 15:00:00','31','8','2021','title2','context2',NULL,'2021-08-03 02:00:00','2021-08-03 14:00:00','2021-08-06 08:24:00','2021-08-17 13:45:40','2021-08-17 13:45:40',0,0,NULL,NULL,NULL,0,0,0,0),(181,'honggildong1!','2021-08-02 15:00:00','31','8','2021','title2','context2',NULL,'2021-08-03 02:00:00','2021-08-03 14:00:00','2021-08-06 08:24:00','2021-08-17 13:45:40','2021-08-17 13:45:40',0,0,NULL,NULL,NULL,0,0,0,0),(182,'honggildong1!','2021-08-02 15:00:00','31','8','2021','title2','context2',NULL,'2021-08-03 02:00:00','2021-08-03 14:00:00','2021-08-06 08:24:00','2021-08-17 13:45:40','2021-08-17 13:45:40',0,0,NULL,NULL,NULL,0,0,0,0),(183,'honggildong1!','2021-08-02 15:00:00','31','8','2021','title2','context2',NULL,'2021-08-03 02:00:00','2021-08-03 14:00:00','2021-08-06 08:24:00','2021-08-17 13:45:40','2021-08-17 13:45:40',0,0,NULL,NULL,NULL,0,0,0,0),(184,'honggildong1!','2021-08-02 15:00:00','31','8','2021','title2','context2',NULL,'2021-08-03 02:00:00','2021-08-03 14:00:00','2021-08-06 08:24:00','2021-08-17 13:45:40','2021-08-17 13:45:40',0,0,NULL,NULL,NULL,0,0,0,0),(185,'honggildong1!','2021-08-02 15:00:00','31','8','2021','title2','context2',NULL,'2021-08-03 02:00:00','2021-08-03 14:00:00','2021-08-06 08:24:00','2021-08-17 13:45:40','2021-08-17 13:45:40',0,0,NULL,NULL,NULL,0,0,0,0),(186,'honggildong1!','2021-08-02 15:00:00','31','8','2021','title2','context2',NULL,'2021-08-03 02:00:00','2021-08-03 14:00:00','2021-08-06 08:24:00','2021-08-17 13:45:40','2021-08-17 13:45:40',0,0,NULL,NULL,NULL,0,0,0,0),(187,'honggildong1!','2021-08-02 15:00:00','31','8','2021','title2','context2',NULL,'2021-08-03 02:00:00','2021-08-03 14:00:00','2021-08-06 08:24:00','2021-08-17 13:45:40','2021-08-17 13:45:40',0,0,NULL,NULL,NULL,0,0,0,0),(188,'honggildong1!','2021-08-02 15:00:00','31','8','2021','title2','context2',NULL,'2021-08-03 02:00:00','2021-08-03 14:00:00','2021-08-06 08:24:00','2021-08-17 13:45:40','2021-08-17 13:45:40',0,0,NULL,NULL,NULL,0,0,0,0),(189,'honggildong1!','2021-08-02 15:00:00','31','8','2021','title2','context2',NULL,'2021-08-03 02:00:00','2021-08-03 14:00:00','2021-08-06 08:24:00','2021-08-17 13:45:40','2021-08-17 13:45:40',0,0,NULL,NULL,NULL,0,0,0,0),(190,'honggildong1!','2021-08-02 15:00:00','31','8','2021','title2','context2',NULL,'2021-08-03 02:00:00','2021-08-03 14:00:00','2021-08-06 08:24:00','2021-08-17 13:45:40','2021-08-17 13:45:40',0,0,NULL,NULL,NULL,0,0,0,0),(191,'honggildong1!','2021-08-02 15:00:00','31','8','2021','title2','context2',NULL,'2021-08-03 02:00:00','2021-08-03 14:00:00','2021-08-06 08:24:00','2021-08-17 13:45:40','2021-08-17 13:45:40',0,0,NULL,NULL,NULL,0,0,0,0),(192,'honggildong1!','2021-08-02 15:00:00','31','8','2021','title2','context2',NULL,'2021-08-03 02:00:00','2021-08-03 14:00:00','2021-08-06 08:24:00','2021-08-17 13:45:40','2021-08-17 13:45:40',0,0,NULL,NULL,NULL,0,0,0,0),(193,'honggildong1!','2021-08-02 15:00:00','31','8','2021','title2','context2',NULL,'2021-08-03 02:00:00','2021-08-03 14:00:00','2021-08-06 08:24:00','2021-08-17 13:45:41','2021-08-17 13:45:41',0,0,NULL,NULL,NULL,0,0,0,0),(194,'honggildong1!','2021-08-02 15:00:00','31','8','2021','title2','context2',NULL,'2021-08-03 02:00:00','2021-08-03 14:00:00','2021-08-06 08:24:00','2021-08-17 13:45:41','2021-08-17 13:45:41',0,0,NULL,NULL,NULL,0,0,0,0),(195,'honggildong1!','2021-08-02 15:00:00','31','8','2021','title2','context2',NULL,'2021-08-03 02:00:00','2021-08-03 14:00:00','2021-08-06 08:24:00','2021-08-17 13:45:41','2021-08-17 13:45:41',0,0,NULL,NULL,NULL,0,0,0,0),(196,'honggildong1!','2021-08-02 15:00:00','31','8','2021','title2','context2',NULL,'2021-08-03 02:00:00','2021-08-03 14:00:00','2021-08-06 08:24:00','2021-08-17 13:45:41','2021-08-17 13:45:41',0,0,NULL,NULL,NULL,0,0,0,0),(197,'honggildong1!','2021-08-02 15:00:00','31','8','2021','title2','context2',NULL,'2021-08-03 02:00:00','2021-08-03 14:00:00','2021-08-06 08:24:00','2021-08-17 13:45:41','2021-08-17 13:45:41',0,0,NULL,NULL,NULL,0,0,0,0),(198,'honggildong1!','2021-08-02 15:00:00','31','8','2021','title2','context2',NULL,'2021-08-03 02:00:00','2021-08-03 14:00:00','2021-08-06 08:24:00','2021-08-17 13:45:41','2021-08-17 13:45:41',0,0,NULL,NULL,NULL,0,0,0,0),(199,'honggildong1!','2021-08-02 15:00:00','31','8','2021','title2','context2',NULL,'2021-08-03 02:00:00','2021-08-03 14:00:00','2021-08-06 08:24:00','2021-08-17 13:45:41','2021-08-17 13:45:41',0,0,NULL,NULL,NULL,0,0,0,0),(200,'honggildong1!','2021-08-02 15:00:00','31','8','2021','title2','context2',NULL,'2021-08-03 02:00:00','2021-08-03 14:00:00','2021-08-06 08:24:00','2021-08-17 13:45:41','2021-08-17 13:45:41',0,0,NULL,NULL,NULL,0,0,0,0),(201,'honggildong1!','2021-08-02 15:00:00','31','8','2021','title2','context2',NULL,'2021-08-03 02:00:00','2021-08-03 14:00:00','2021-08-06 08:24:00','2021-08-17 13:45:41','2021-08-17 13:45:41',0,0,NULL,NULL,NULL,0,0,0,0),(202,'honggildong1!','2021-08-02 15:00:00','31','8','2021','title2','context2',NULL,'2021-08-03 02:00:00','2021-08-03 14:00:00','2021-08-06 08:24:00','2021-08-17 13:45:41','2021-08-17 13:45:41',0,0,NULL,NULL,NULL,0,0,0,0),(203,'honggildong1!','2021-08-02 15:00:00','31','8','2021','title2','context2',NULL,'2021-08-03 02:00:00','2021-08-03 14:00:00','2021-08-06 08:24:00','2021-08-17 13:45:41','2021-08-17 13:45:41',0,0,NULL,NULL,NULL,0,0,0,0),(204,'honggildong1!','2021-08-02 15:00:00','31','8','2021','title2','context2',NULL,'2021-08-03 02:00:00','2021-08-03 14:00:00','2021-08-06 08:24:00','2021-08-17 13:45:41','2021-08-17 13:45:41',0,0,NULL,NULL,NULL,0,0,0,0),(205,'honggildong1!','2021-08-02 15:00:00','31','8','2021','title2','context2',NULL,'2021-08-03 02:00:00','2021-08-03 14:00:00','2021-08-06 08:24:00','2021-08-17 13:45:41','2021-08-17 13:45:41',0,0,NULL,NULL,NULL,0,0,0,0),(206,'honggildong1!','2021-08-02 15:00:00','31','8','2021','title2','context2',NULL,'2021-08-03 02:00:00','2021-08-03 14:00:00','2021-08-06 08:24:00','2021-08-17 13:45:41','2021-08-17 13:45:41',0,0,NULL,NULL,NULL,0,0,0,0),(207,'honggildong1!','2021-08-02 15:00:00','31','8','2021','title2','context2',NULL,'2021-08-03 02:00:00','2021-08-03 14:00:00','2021-08-06 08:24:00','2021-08-17 13:45:42','2021-08-17 13:45:42',0,0,NULL,NULL,NULL,0,0,0,0),(208,'honggildong1!','2021-08-02 15:00:00','31','8','2021','title2','context2',NULL,'2021-08-03 02:00:00','2021-08-03 14:00:00','2021-08-06 08:24:00','2021-08-17 13:45:42','2021-08-17 13:45:42',0,0,NULL,NULL,NULL,0,0,0,0),(209,'honggildong1!','2021-08-02 15:00:00','31','8','2021','title2','context2',NULL,'2021-08-03 02:00:00','2021-08-03 14:00:00','2021-08-06 08:24:00','2021-08-17 13:45:42','2021-08-17 13:45:42',0,0,NULL,NULL,NULL,0,0,0,0),(210,'honggildong1!','2021-08-02 15:00:00','31','8','2021','title2','context2',NULL,'2021-08-03 02:00:00','2021-08-03 14:00:00','2021-08-06 08:24:00','2021-08-17 13:45:42','2021-08-17 13:45:42',0,0,NULL,NULL,NULL,0,0,0,0),(211,'honggildong1!','2021-08-02 15:00:00','31','8','2021','title2','context2',NULL,'2021-08-03 02:00:00','2021-08-03 14:00:00','2021-08-06 08:24:00','2021-08-17 13:45:42','2021-08-17 13:45:42',0,0,NULL,NULL,NULL,0,0,0,0),(212,'honggildong1!','2021-08-02 15:00:00','31','8','2021','title2','context2',NULL,'2021-08-03 02:00:00','2021-08-03 14:00:00','2021-08-06 08:24:00','2021-08-17 13:45:42','2021-08-17 13:45:42',0,0,NULL,NULL,NULL,0,0,0,0),(213,'honggildong1!','2021-08-02 15:00:00','31','8','2021','title2','context2',NULL,'2021-08-03 02:00:00','2021-08-03 14:00:00','2021-08-06 08:24:00','2021-08-17 13:45:42','2021-08-17 13:45:42',0,0,NULL,NULL,NULL,0,0,0,0),(217,'megahawk','2021-08-17 15:00:00','33','8','2021','<script>console.log(\"hello\")</script>','test',NULL,'2021-08-17 23:30:00','2021-08-18 06:30:00','2021-08-18 06:30:00','2021-08-18 01:39:00','2021-08-18 01:47:35',0,0,1,'2021-08-17 23:00:00',NULL,0,0,0,0),(218,'megahawk','2021-08-17 15:00:00','33','8','2021','ㅁㄴㅇㅁㄵㄴㄴㄴ','test',NULL,'2021-08-17 15:00:00','2021-08-17 16:00:00','2021-08-17 16:00:00','2021-08-18 01:39:28','2021-08-18 01:39:28',0,0,0,NULL,NULL,0,0,0,0),(222,'test1','2021-08-17 15:00:00','33','8','2021','test','test',NULL,'2021-08-18 02:00:00','2021-08-18 08:30:00','2021-08-18 08:30:00','2021-08-18 03:14:46','2021-08-18 03:14:46',0,0,0,NULL,NULL,0,0,0,0),(223,'test1','2021-08-17 15:00:00','33','8','2021','test','test',NULL,'2021-08-18 01:00:00','2021-08-18 04:30:00','2021-08-18 04:30:00','2021-08-18 04:43:56','2021-08-18 04:43:56',0,0,0,NULL,NULL,0,0,0,0),(231,'jbj','2021-08-17 15:00:00','33','8','2021','미팅','미팅 하기',NULL,'2021-08-18 10:00:00','2021-08-18 13:30:00','2021-08-18 13:00:00','2021-08-18 10:50:20','2021-08-18 10:56:24',0,0,NULL,NULL,NULL,0,0,0,0),(232,'jbj','2021-08-17 15:00:00','33','8','2021','공부','공부 하기',NULL,'2021-08-18 13:00:00','2021-08-18 14:30:00','2021-08-18 14:30:00','2021-08-18 13:35:30','2021-08-18 13:35:30',0,0,NULL,'2021-08-18 14:30:00',NULL,0,0,0,0),(233,'aeriheo','2021-08-18 15:00:00','33','8','2021','회의','test',NULL,'2021-08-19 00:00:00','2021-08-19 09:00:00','2021-08-19 09:00:00','2021-08-19 07:00:05','2021-08-19 07:00:05',0,0,0,NULL,NULL,0,0,0,0),(237,'aeriheo','2021-08-02 15:00:00','31','8','2021','title2','context2',NULL,'2021-08-03 02:00:00','2021-08-03 14:00:00','2021-08-06 08:24:00','2021-08-19 07:24:27','2021-08-19 07:24:27',0,0,NULL,NULL,NULL,0,0,0,0),(238,'aeriheo','2021-08-02 15:00:00','31','8','2021','title2','context2',NULL,'2021-08-03 02:00:00','2021-08-03 14:00:00','2021-08-06 08:24:00','2021-08-19 07:24:53','2021-08-19 07:24:53',0,0,NULL,NULL,NULL,0,0,0,0),(241,'aeriheo','2021-08-02 15:00:00','31','8','2021','title2','context2',NULL,'2021-08-03 02:00:00','2021-08-03 14:00:00','2021-08-06 08:24:00','2021-08-19 07:31:00','2021-08-19 07:31:00',0,0,NULL,NULL,NULL,0,0,0,0),(244,'1','2021-08-18 15:00:00','33','8','2021','rr','test',NULL,'2021-08-19 00:00:00','2021-08-19 03:00:00','2021-08-19 03:00:00','2021-08-19 07:37:01','2021-08-19 07:37:01',0,0,0,NULL,NULL,0,0,0,0),(252,'jbj','2021-08-18 15:00:00','33','8','2021','시연하기 ',NULL,NULL,'2021-08-19 09:00:00','2021-08-19 10:58:00','2021-08-19 11:00:00','2021-08-19 10:49:12','2021-08-19 10:58:16',1,0,NULL,NULL,NULL,0,0,0,0),(255,'1','2021-08-18 15:00:00','33','8','2021','','test',NULL,'2021-08-19 03:00:00','2021-08-19 06:00:00','2021-08-19 06:00:00','2021-08-19 13:29:31','2021-08-19 13:29:31',0,0,0,NULL,NULL,0,0,0,0),(256,'1','2021-08-18 15:00:00','33','8','2021','12rs','test',NULL,'2021-08-19 06:00:00','2021-08-19 06:30:00','2021-08-19 06:30:00','2021-08-19 13:39:23','2021-08-19 13:39:23',0,0,0,NULL,NULL,0,0,0,0),(257,'jbj','2021-08-19 15:00:00','33','8','2021','현대 모비스','test',NULL,'2021-08-20 00:30:00','2021-08-20 02:30:00','2021-08-20 02:30:00','2021-08-19 15:37:43','2021-08-19 15:37:43',0,0,1,'2021-08-20 00:15:00',NULL,0,0,0,0);
/*!40000 ALTER TABLE `schedules` ENABLE KEYS */;
UNLOCK TABLES;

--
-- Table structure for table `trophies`
--

DROP TABLE IF EXISTS `trophies`;
/*!40101 SET @saved_cs_client     = @@character_set_client */;
/*!40101 SET character_set_client = utf8 */;
CREATE TABLE `trophies` (
  `trophy_id` int(11) NOT NULL AUTO_INCREMENT,
  `title` varchar(255) DEFAULT NULL,
  `context` varchar(255) DEFAULT NULL,
  `is_hidden` tinyint(1) DEFAULT NULL,
  `exp` int(11) DEFAULT NULL,
  `img` varchar(255) DEFAULT NULL,
  `created_at` datetime NOT NULL,
  `updated_at` datetime NOT NULL,
  PRIMARY KEY (`trophy_id`)
) ENGINE=InnoDB AUTO_INCREMENT=10 DEFAULT CHARSET=utf8mb4;
/*!40101 SET character_set_client = @saved_cs_client */;

--
-- Dumping data for table `trophies`
--

LOCK TABLES `trophies` WRITE;
/*!40000 ALTER TABLE `trophies` DISABLE KEYS */;
INSERT INTO `trophies` VALUES (1,'회원가입','회원가입하신 것을 축하합니다!',0,NULL,NULL,'2021-08-19 01:11:07','2021-08-19 01:11:07'),(2,'첫 로그인','첫 로그인을 성공하신 것을 축하합니다!',0,NULL,NULL,'2021-08-19 01:11:35','2021-08-19 01:11:35'),(3,'첫 스케쥴 등록','첫 스케쥴 등록하신 것을 축하합니다!',1,NULL,NULL,'2021-08-19 01:11:57','2021-08-19 01:11:57'),(4,'첫 스케쥴 완료','첫 스케쥴 완료하신 것을 축하합니다!',1,NULL,NULL,'2021-08-19 01:12:12','2021-08-19 01:12:12'),(5,'첫 그룹 가입','처음으로 그룹에 가입하신 것을 축하합니다!',0,NULL,NULL,'2021-08-19 01:12:29','2021-08-19 01:12:29'),(6,'첫 그룹 탈퇴','가끔은 무리를 떠나는 경험도 중요하죠',0,NULL,NULL,'2021-08-19 01:12:48','2021-08-19 01:12:48'),(7,'첫 그룹 생성','처음으로 그룹을 생성하신 것을 축하합니다!',0,NULL,NULL,'2021-08-19 01:13:19','2021-08-19 01:13:19'),(8,'첫 그룹 가입 거절','힘내세요, 다른 그룹들도 많고 직접 만들 수도 있어요',0,NULL,NULL,'2021-08-19 01:14:25','2021-08-19 01:14:25'),(9,'첫 그룹 가입 신청','첫 그룹 가입신청을 축하합니다!',0,NULL,NULL,'2021-08-19 01:14:47','2021-08-19 01:14:47');
/*!40000 ALTER TABLE `trophies` ENABLE KEYS */;
UNLOCK TABLES;

--
-- Table structure for table `users`
--

DROP TABLE IF EXISTS `users`;
/*!40101 SET @saved_cs_client     = @@character_set_client */;
/*!40101 SET character_set_client = utf8 */;
CREATE TABLE `users` (
  `user_id` varchar(255) NOT NULL,
  `name` varchar(255) NOT NULL,
  `email` varchar(255) NOT NULL,
  `cellphone` varchar(255) NOT NULL,
  `password` varchar(255) NOT NULL,
  `exp` int(11) DEFAULT 0,
  `is_admin` tinyint(1) DEFAULT 0,
  `created_at` datetime NOT NULL DEFAULT current_timestamp(),
  PRIMARY KEY (`user_id`),
  UNIQUE KEY `email` (`email`),
  UNIQUE KEY `cellphone` (`cellphone`)
) ENGINE=InnoDB DEFAULT CHARSET=utf8mb4;
/*!40101 SET character_set_client = @saved_cs_client */;

--
-- Dumping data for table `users`
--

LOCK TABLES `users` WRITE;
/*!40000 ALTER TABLE `users` DISABLE KEYS */;
INSERT INTO `users` VALUES ('1','1','1','1','$2b$08$6GMofev4duJkljQERqe7G.fniL4F9Jefg4CNnolKMPk9moaLnecg.',0,0,'2021-08-18 01:10:19'),('2','2','2','2','$2b$08$0U5zn6AlYQe3LEfa45RtdOJYnMAUn5l8x8c0fdAv1dTDzr/N.lpBO',0,0,'2021-08-19 01:59:58'),('a','a','a','a','$2b$08$Scbj8KtyxCV1VpwDLlZfK.hlkf2IluL11pCWf9vFcJKEP5rEYhsBW',0,0,'2021-08-17 11:44:45'),('aeriheo','허애리','aeri@ssafy.com','010-4444-3051','$2b$08$99STOUujB/XrRaqdpSYJ6eFxYWqEF7G7UnccyDwdAM0C0yJSmrWRS',0,0,'2021-08-19 02:30:50'),('asdfasdf','손님','asdfasdf@naver.com','1111111111','$2b$08$TJWyY4uYPY.Vap9PJJP6W.jhe0upyNV0nIey7dQRGBNw2zgrGgGuu',0,0,'2021-08-18 02:39:43'),('honggildong00!','ff1!','hong1@korea00.kr','010-100234-5678','$2b$08$9Ruv1f0lI./uk50blA5ig.Bg3Ivg5pjgoPlSZvqDWyt7Ao8kNNuVe',0,0,'2021-08-19 06:12:57'),('honggildong1!','ff1!','hong1@korea.kr','010-1234-5678','$2b$08$cEMEh/bblMHujFITqpXAheYCnFOtLJHmTSPXQyDuNdpgF55EZK206',0,0,'2021-08-17 10:33:57'),('jbj','jbj','jbj@sf.kr','010-1110-3233','$2b$08$42mALG/hoQQzfDi6lUiQeediiN2f1GQ0/VpDFfH0d8B.f7H.FpaIW',0,0,'2021-08-17 10:44:51'),('jbj!','jbj','jbj@korea.kr','010-1111-3233','$2b$08$YWbV0WZXQ5BgMVyyMP.cfO7Tgg8IwToFNfu/BZZZaaGmbDTqdQ.Au',0,0,'2021-08-17 10:42:46'),('jbjb4467','장주빈','sunshine4429@gmail.com','01012345678','$2b$08$CL3OHavTyj2BBZ5tw4GSu.ktLT1WbXShuIrAW1V5daeo4ho/cZx2G',0,0,'2021-08-19 06:13:30'),('megahawk','이상현','megahawk88@gmail.com','01044897770','$2b$08$Qp40VgVckqI/0oXe8QwQv.C.of6rEh93ItQQxUP7KQo56xfaenuYC',0,0,'2021-08-18 01:27:08'),('test','jbj','qwr','01043163392','$2b$08$ICGbKstzqY3KgoolcXiQ7eBLOuTZRgAJ6OootTLuVDtICUzuv3icq',0,0,'2021-08-17 11:21:28'),('test1','김테스트','test@test.com','010-2222-5555','$2b$08$0WBKBXdizSKYVfRuRhVSdeRawpvyyqIL2juAQ3qV2Lp/EgeNBVvFi',0,0,'2021-08-17 10:38:04'),('test2','','','','$2b$08$uL.r4zaEzwXgiPtMV4lu4eyv1GfU5snunPGKaIdHYLSNNCdq8a7U.',0,0,'2021-08-18 04:15:05'),('test22','테스트22','test2@naver.com','010-7777-8888','$2b$08$iG708QLNaJPqpLChnsgdbODYEEeuLfXkbWccmQywibsPXZc4mdlZ2',0,0,'2021-08-18 04:19:16'),('testtest','test','test@test.co.kr','010-4444-7458','$2b$08$ccNZaxRUdrs2IJDhoXGAqeOnZuXqT2C58C0Q91WKfFJC4ZPVNXur2',0,0,'2021-08-19 06:16:46');
/*!40000 ALTER TABLE `users` ENABLE KEYS */;
UNLOCK TABLES;

--
-- Table structure for table `usersmngroups`
--

DROP TABLE IF EXISTS `usersmngroups`;
/*!40101 SET @saved_cs_client     = @@character_set_client */;
/*!40101 SET character_set_client = utf8 */;
CREATE TABLE `usersmngroups` (
  `group_id` int(11) NOT NULL,
  `user_id` varchar(255) NOT NULL,
  `is_group_admin` tinyint(1) DEFAULT 0,
  `joined_at` datetime NOT NULL,
  KEY `group_id` (`group_id`),
  KEY `user_id` (`user_id`),
  CONSTRAINT `usersmngroups_ibfk_1` FOREIGN KEY (`group_id`) REFERENCES `groups` (`group_id`),
  CONSTRAINT `usersmngroups_ibfk_2` FOREIGN KEY (`user_id`) REFERENCES `users` (`user_id`)
) ENGINE=InnoDB DEFAULT CHARSET=utf8mb4;
/*!40101 SET character_set_client = @saved_cs_client */;

--
-- Dumping data for table `usersmngroups`
--

LOCK TABLES `usersmngroups` WRITE;
/*!40000 ALTER TABLE `usersmngroups` DISABLE KEYS */;
INSERT INTO `usersmngroups` VALUES (4,'jbj',1,'2021-08-17 11:19:59'),(6,'megahawk',1,'2021-08-18 01:28:25'),(7,'megahawk',1,'2021-08-18 01:30:12'),(9,'jbj',1,'2021-08-18 13:10:59'),(9,'1',0,'2021-08-19 00:53:15'),(10,'jbj',1,'2021-08-19 02:15:25'),(11,'jbj',1,'2021-08-19 02:19:22'),(4,'1',0,'2021-08-19 10:26:03'),(4,'test',0,'2021-08-19 10:26:06'),(13,'jbj',1,'2021-08-19 11:55:32'),(14,'jbj',1,'2021-08-19 11:55:56'),(15,'jbj',1,'2021-08-19 11:56:42');
/*!40000 ALTER TABLE `usersmngroups` ENABLE KEYS */;
UNLOCK TABLES;

--
-- Table structure for table `usersmntrophies`
--

DROP TABLE IF EXISTS `usersmntrophies`;
/*!40101 SET @saved_cs_client     = @@character_set_client */;
/*!40101 SET character_set_client = utf8 */;
CREATE TABLE `usersmntrophies` (
  `user_id` varchar(255) NOT NULL,
  `trophy_id` int(11) NOT NULL,
  `achieved_at` datetime NOT NULL,
  PRIMARY KEY (`user_id`,`trophy_id`),
  KEY `trophy_id` (`trophy_id`),
  CONSTRAINT `usersmntrophies_ibfk_1` FOREIGN KEY (`user_id`) REFERENCES `users` (`user_id`),
  CONSTRAINT `usersmntrophies_ibfk_2` FOREIGN KEY (`trophy_id`) REFERENCES `trophies` (`trophy_id`)
) ENGINE=InnoDB DEFAULT CHARSET=utf8mb4;
/*!40101 SET character_set_client = @saved_cs_client */;

--
-- Dumping data for table `usersmntrophies`
--

LOCK TABLES `usersmntrophies` WRITE;
/*!40000 ALTER TABLE `usersmntrophies` DISABLE KEYS */;
INSERT INTO `usersmntrophies` VALUES ('1',1,'2021-08-19 01:44:37'),('1',2,'2021-08-19 06:20:45'),('1',5,'2021-08-19 10:26:03'),('1',6,'2021-08-19 06:46:00'),('1',7,'2021-08-19 06:21:28'),('1',9,'2021-08-19 06:47:15'),('2',1,'2021-08-19 01:59:58'),('aeriheo',2,'2021-08-19 06:15:35'),('honggildong00!',1,'2021-08-19 06:12:57'),('honggildong1!',2,'2021-08-19 06:12:17'),('jbj',2,'2021-08-19 02:03:22'),('jbj',7,'2021-08-19 02:19:23'),('jbj',9,'2021-08-19 09:55:07'),('jbjb4467',1,'2021-08-19 06:13:30'),('test',2,'2021-08-19 09:54:11'),('test',5,'2021-08-19 10:26:06'),('test',9,'2021-08-19 10:23:47'),('test1',2,'2021-08-19 06:32:04'),('testtest',1,'2021-08-19 06:16:46');
/*!40000 ALTER TABLE `usersmntrophies` ENABLE KEYS */;
UNLOCK TABLES;

--
-- Table structure for table `weeklies`
--

DROP TABLE IF EXISTS `weeklies`;
/*!40101 SET @saved_cs_client     = @@character_set_client */;
/*!40101 SET character_set_client = utf8 */;
CREATE TABLE `weeklies` (
  `weekly_id` int(11) NOT NULL AUTO_INCREMENT,
  `week` varchar(255) DEFAULT NULL,
  `month` varchar(255) DEFAULT NULL,
  `year` varchar(255) DEFAULT NULL,
  `user_id` varchar(255) DEFAULT NULL,
  `cnt_schedule` int(11) DEFAULT NULL,
  `cnt_finished_schedule` int(11) DEFAULT NULL,
  `sum_point` int(11) DEFAULT NULL,
  `sum_humidity` int(11) DEFAULT NULL,
  `sum_illuminance` int(11) DEFAULT NULL,
  `sum_noise` int(11) DEFAULT NULL,
  `sum_temperature` int(11) DEFAULT NULL,
  PRIMARY KEY (`weekly_id`)
) ENGINE=InnoDB AUTO_INCREMENT=13 DEFAULT CHARSET=utf8mb4;
/*!40101 SET character_set_client = @saved_cs_client */;

--
-- Dumping data for table `weeklies`
--

LOCK TABLES `weeklies` WRITE;
/*!40000 ALTER TABLE `weeklies` DISABLE KEYS */;
INSERT INTO `weeklies` VALUES (1,'31','8','2021','honggildong1!',165,0,0,0,0,0,0),(2,'33','8','2021','test1',4,0,0,0,0,0,0),(8,'33','8','2021','jbj',6,0,0,0,0,0,0),(9,'33','8','2021','megahawk',2,0,0,0,0,0,0),(10,'33','8','2021','aeriheo',1,0,0,0,0,0,0),(11,'31','8','2021','aeriheo',3,0,0,0,0,0,0),(12,'33','8','2021','1',3,0,0,0,0,0,0);
/*!40000 ALTER TABLE `weeklies` ENABLE KEYS */;
UNLOCK TABLES;

--
-- Table structure for table `yearlies`
--

DROP TABLE IF EXISTS `yearlies`;
/*!40101 SET @saved_cs_client     = @@character_set_client */;
/*!40101 SET character_set_client = utf8 */;
CREATE TABLE `yearlies` (
  `yearly_id` int(11) NOT NULL AUTO_INCREMENT,
  `year` varchar(255) DEFAULT NULL,
  `user_id` varchar(255) DEFAULT NULL,
  `cnt_schedule` int(11) DEFAULT NULL,
  `cnt_finished_schedule` int(11) DEFAULT NULL,
  `sum_point` int(11) DEFAULT NULL,
  `sum_humidity` int(11) DEFAULT NULL,
  `sum_illuminance` int(11) DEFAULT NULL,
  `sum_noise` int(11) DEFAULT NULL,
  `sum_temperature` int(11) DEFAULT NULL,
  PRIMARY KEY (`yearly_id`)
) ENGINE=InnoDB AUTO_INCREMENT=8 DEFAULT CHARSET=utf8mb4;
/*!40101 SET character_set_client = @saved_cs_client */;

--
-- Dumping data for table `yearlies`
--

LOCK TABLES `yearlies` WRITE;
/*!40000 ALTER TABLE `yearlies` DISABLE KEYS */;
INSERT INTO `yearlies` VALUES (1,'2021','honggildong1!',198,0,0,0,0,0,0),(2,'2021','test1',4,0,0,0,0,0,0),(4,'2021','jbj',6,0,0,0,0,0,0),(5,'2021','megahawk',2,0,0,0,0,0,0),(6,'2021','aeriheo',4,0,0,0,0,0,0),(7,'2021','1',3,0,0,0,0,0,0);
/*!40000 ALTER TABLE `yearlies` ENABLE KEYS */;
UNLOCK TABLES;

--
-- Dumping routines for database 'sfens'
--
/*!40103 SET TIME_ZONE=@OLD_TIME_ZONE */;

/*!40101 SET SQL_MODE=@OLD_SQL_MODE */;
/*!40014 SET FOREIGN_KEY_CHECKS=@OLD_FOREIGN_KEY_CHECKS */;
/*!40014 SET UNIQUE_CHECKS=@OLD_UNIQUE_CHECKS */;
/*!40101 SET CHARACTER_SET_CLIENT=@OLD_CHARACTER_SET_CLIENT */;
/*!40101 SET CHARACTER_SET_RESULTS=@OLD_CHARACTER_SET_RESULTS */;
/*!40101 SET COLLATION_CONNECTION=@OLD_COLLATION_CONNECTION */;
/*!40111 SET SQL_NOTES=@OLD_SQL_NOTES */;

-- Dump completed on 2021-08-20  9:49:09
